,index,Timestamp,ADF,Brand,FV Full Plato,Plato,Fermentation ID
0,8888,2017-03-23 11:08:00,0,Realtime Hops,13.51553,0,Fermentor 31201732314856
1,9506,2017-03-23 21:26:00,0.104733542,Realtime Hops,13.51553,12.1,Fermentor 31201732314856
2,9663,2017-03-24 00:03:00,0.141728014,Realtime Hops,13.51553,11.6,Fermentor 31201732314856
3,9837,2017-03-24 02:57:00,0.186121419,Realtime Hops,13.51553,11,Fermentor 31201732314856
4,10507,2017-03-24 14:07:00,0.378492743,Realtime Hops,13.51553,8.4,Fermentor 31201732314856
5,11111,2017-03-25 00:11:00,0.5782629,Realtime Hops,13.51553,5.7,Fermentor 31201732314856
6,11822,2017-03-25 12:02:00,0.71884197,Realtime Hops,13.51553,3.8,Fermentor 31201732314856
7,45895,2017-03-29 03:54:00,0,Alistair,10.81004,0,FV322016113055113
8,46374,2017-03-29 11:53:00,0.111936688,Alistair,10.81004,9.6,FV322016113055113
9,46893,2017-03-29 20:32:00,0.25069657,Alistair,10.81004,8.1,FV322016113055113
10,47108,2017-03-30 00:07:00,0.333952546,Alistair,10.81004,7.2,FV322016113055113
11,47738,2017-03-30 10:37:00,0.592970967,Alistair,10.81004,4.4,FV322016113055113
12,48588,2017-03-31 00:47:00,0.7687335,Alistair,10.81004,2.5,FV322016113055113
13,59099,2017-03-18 07:57:00,0,Kerberos,14.6819,0,Fermentor 3320173183371
14,59369,2017-03-18 12:27:00,0.0328227431,Kerberos,14.6819,14.2,Fermentor 3320173183371
15,59698,2017-03-18 17:56:00,0.134989351,Kerberos,14.6819,12.7,Fermentor 3320173183371
16,60109,2017-03-19 00:47:00,0.2099115,Kerberos,14.6819,11.6,Fermentor 3320173183371
17,60838,2017-03-19 12:56:00,0.4142447,Kerberos,14.6819,8.6,Fermentor 3320173183371
18,61559,2017-03-20 00:57:00,0.59814465,Kerberos,14.6819,5.9,Fermentor 3320173183371
19,62359,2017-03-20 14:17:00,0.65944463,Kerberos,14.6819,5,Fermentor 3320173183371
20,82309,2017-04-03 10:47:00,0,Kerberos,14.6819,0,Fermentor 3320173183371
21,82579,2017-04-03 15:17:00,0.0328227431,Kerberos,14.6819,14.2,Fermentor 3320173183371
22,82904,2017-04-03 20:42:00,0.134989351,Kerberos,14.6819,12.7,Fermentor 3320173183371
23,83314,2017-04-04 03:32:00,0.2099115,Kerberos,14.6819,11.6,Fermentor 3320173183371
24,84044,2017-04-04 15:42:00,0.4142447,Kerberos,14.6819,8.6,Fermentor 3320173183371
25,84769,2017-04-05 03:47:00,0.59814465,Kerberos,14.6819,5.9,Fermentor 3320173183371
26,85569,2017-04-05 17:07:00,0.65944463,Kerberos,14.6819,5,Fermentor 3320173183371
27,101579,2017-03-27 19:56:00,0,Realtime Hops,0,0,FV342016112860676
28,102166,2017-03-28 05:43:00,0.059941683,Realtime Hops,13.5098,12.7,FV342016112860676
29,102872,2017-03-28 17:29:00,0.244992539,Realtime Hops,13.5098,10.2,FV342016112860676
30,103243,2017-03-28 23:40:00,0.363425046,Realtime Hops,13.5098,8.6,FV342016112860676
31,104085,2017-03-29 13:42:00,0.615094244,Realtime Hops,13.5098,5.2,FV342016112860676
32,104705,2017-03-30 00:02:00,0.726124763,Realtime Hops,13.5098,3.7,FV342016112860676
33,128541,2017-03-26 13:17:00,0,Red Wonder,0,0,Fermentor 35201732622561
34,130758,2017-03-28 02:14:00,0.409012228,Red Wonder,15.39795,9.1,Fermentor 35201732670860
35,131668,2017-03-28 17:24:00,0.668787062,Red Wonder,15.39795,5.1,Fermentor 35201732670860
36,132039,2017-03-28 23:35:00,0.746719539,Red Wonder,15.39795,3.9,Fermentor 35201732670860
37,144005,2017-03-17 07:00:00,0,Realtime Hops,13.50412,0,Fermentor 36201731679561
38,144307,2017-03-17 12:02:00,0.08176173,Realtime Hops,13.50412,12.4,Fermentor 36201731679561
39,144788,2017-03-17 20:03:00,0.14840804,Realtime Hops,13.50412,11.5,Fermentor 36201731679561
40,145037,2017-03-18 00:12:00,0.215054333,Realtime Hops,13.50412,10.6,Fermentor 36201731679561
41,145772,2017-03-18 12:27:00,0.444613934,Realtime Hops,13.50412,7.5,Fermentor 36201731679561
42,146508,2017-03-19 00:43:00,0.6593632,Realtime Hops,13.50412,4.6,Fermentor 36201731679561
43,164022,2017-03-31 04:37:00,0,Grey Horse,17.06881,0,Fermentor 36201733077771
44,164697,2017-03-31 15:52:00,0.156355947,Grey Horse,17.06881,14.4,Fermentor 36201733077771
45,165687,2017-04-01 08:22:00,0,Realtime Hops,13.50412,0,Fermentor 362017414861
46,167512,2017-04-02 14:47:00,0.08176173,Realtime Hops,13.50412,12.4,Fermentor 362017423070
47,167997,2017-04-02 22:52:00,0.14840804,Realtime Hops,13.50412,11.5,Fermentor 362017423070
48,168242,2017-04-03 02:57:00,0.215054333,Realtime Hops,13.50412,10.6,Fermentor 362017423070
49,168982,2017-04-03 15:17:00,0.444613934,Realtime Hops,13.50412,7.5,Fermentor 362017423070
50,169717,2017-04-04 03:32:00,0.6593632,Realtime Hops,13.50412,4.6,Fermentor 362017423070
51,176103,2017-04-08 13:57:00,0,Realtime Hops,13.51553,0,Fermentor 3120174824961
52,176724,2017-04-09 00:18:00,0.104733542,Realtime Hops,13.51553,12.1,Fermentor 3120174824961
53,176876,2017-04-09 02:50:00,0.141728014,Realtime Hops,13.51553,11.6,Fermentor 3120174824961
54,177048,2017-04-09 05:42:00,0.186121419,Realtime Hops,13.51553,11,Fermentor 3120174824961
55,177718,2017-04-09 16:52:00,0.378492743,Realtime Hops,13.51553,8.4,Fermentor 3120174824961
56,178324,2017-04-10 02:58:00,0.5782629,Realtime Hops,13.51553,5.7,Fermentor 3120174824961
57,179033,2017-04-10 14:47:00,0.71884197,Realtime Hops,13.51553,3.8,Fermentor 3120174824961
58,191378,2017-04-19 04:32:00,0,Realtime Hops,13.51553,0,Fermentor 3120174824961
59,191998,2017-04-19 14:52:00,0.104733542,Realtime Hops,13.51553,12.1,Fermentor 3120174824961
60,192148,2017-04-19 17:22:00,0.141728014,Realtime Hops,13.51553,11.6,Fermentor 3120174824961
61,192328,2017-04-19 20:22:00,0.186121419,Realtime Hops,13.51553,11,Fermentor 3120174824961
62,192993,2017-04-20 07:27:00,0.378492743,Realtime Hops,13.51553,8.4,Fermentor 3120174824961
63,193903,2017-04-20 22:37:00,0.5782629,Realtime Hops,13.51553,5.7,Fermentor 3120174824961
64,194308,2017-04-21 05:22:00,0.71884197,Realtime Hops,13.51553,3.8,Fermentor 3120174824961
65,241585,2017-04-14 01:17:00,0,Kerberos,14.6819,0,Fermentor 3320173183371
66,241855,2017-04-14 05:47:00,0.0328227431,Kerberos,14.6819,14.2,Fermentor 3320173183371
67,242185,2017-04-14 11:17:00,0.134989351,Kerberos,14.6819,12.7,Fermentor 3320173183371
68,242595,2017-04-14 18:07:00,0.2099115,Kerberos,14.6819,11.6,Fermentor 3320173183371
69,243325,2017-04-15 06:17:00,0.4142447,Kerberos,14.6819,8.6,Fermentor 3320173183371
70,244045,2017-04-15 18:17:00,0.59814465,Kerberos,14.6819,5.9,Fermentor 3320173183371
71,244850,2017-04-16 07:42:00,0.65944463,Kerberos,14.6819,5,Fermentor 3320173183371
72,284066,2017-04-23 13:17:00,0,Realtime Hops,0,0,Fermentor 34201742322561
73,284651,2017-04-23 23:02:00,0.059941683,Realtime Hops,13.5098,12.7,Fermentor 34201742322561
74,285356,2017-04-24 10:47:00,0.244992539,Realtime Hops,13.5098,10.2,Fermentor 34201742322561
75,285731,2017-04-24 17:02:00,0.363425046,Realtime Hops,13.5098,8.6,Fermentor 34201742322561
76,295757,2017-04-11 16:07:00,0,Red Wonder,0,0,Fermentor 35201741132801
77,313247,2017-04-23 19:37:00,0.409012228,Red Wonder,15.39795,9.1,Fermentor 35201742246864
78,314157,2017-04-24 10:47:00,0.668787062,Red Wonder,15.39795,5.1,Fermentor 35201742246864
79,314527,2017-04-24 16:57:00,0.746719539,Red Wonder,15.39795,3.9,Fermentor 35201742246864
80,326378,2017-04-12 22:27:00,0,Realtime Hops,13.50412,0,Fermentor 362017423070
81,326793,2017-04-13 05:22:00,0.08176173,Realtime Hops,13.50412,12.4,Fermentor 362017423070
82,327279,2017-04-13 13:28:00,0.14840804,Realtime Hops,13.50412,11.5,Fermentor 362017423070
83,327523,2017-04-13 17:32:00,0.215054333,Realtime Hops,13.50412,10.6,Fermentor 362017423070
84,328263,2017-04-14 05:52:00,0.444613934,Realtime Hops,13.50412,7.5,Fermentor 362017423070
85,328993,2017-04-14 18:02:00,0.6593632,Realtime Hops,13.50412,4.6,Fermentor 362017423070
86,344263,2017-04-25 08:32:00,0,Realtime Hops,13.50412,0,Fermentor 3620174255465
87,345553,2017-04-26 06:02:00,0.08176173,Realtime Hops,13.50412,12.4,Fermentor 36201742557961
88,354144,2017-05-02 05:12:00,0,Realtime Hops,13.51553,0,Fermentor 3120175179865
89,354764,2017-05-02 15:32:00,0.104733542,Realtime Hops,13.51553,12.1,Fermentor 3120175179865
90,354914,2017-05-02 18:02:00,0.141728014,Realtime Hops,13.51553,11.6,Fermentor 3120175179865
91,355089,2017-05-02 20:57:00,0.186121419,Realtime Hops,13.51553,11,Fermentor 3120175179865
92,355759,2017-05-03 08:07:00,0.378492743,Realtime Hops,13.51553,8.4,Fermentor 3120175179865
93,356364,2017-05-03 18:12:00,0.5782629,Realtime Hops,13.51553,5.7,Fermentor 3120175179865
94,357074,2017-05-04 06:02:00,0.71884197,Realtime Hops,13.51553,3.8,Fermentor 3120175179865
95,391125,2017-05-07 21:32:00,0,Alistair,10.81004,0,Fermentor 3220175752262
96,391625,2017-05-08 05:52:00,0.111936688,Alistair,10.81004,9.6,Fermentor 3220175752262
97,392150,2017-05-08 14:37:00,0.25069657,Alistair,10.81004,8.1,Fermentor 3220175752262
98,392360,2017-05-08 18:07:00,0.333952546,Alistair,10.81004,7.2,Fermentor 3220175752262
99,392995,2017-05-09 04:42:00,0.592970967,Alistair,10.81004,4.4,Fermentor 3220175752262
100,393845,2017-05-09 18:52:00,0.7687335,Alistair,10.81004,2.5,Fermentor 3220175752262
101,404356,2017-04-27 02:02:00,0,Kerberos,14.6819,0,Fermentor 33201742668461
102,404626,2017-04-27 06:32:00,0.0328227431,Kerberos,14.6819,14.2,Fermentor 33201742668461
103,404951,2017-04-27 11:57:00,0.134989351,Kerberos,14.6819,12.7,Fermentor 33201742668461
104,405361,2017-04-27 18:47:00,0.2099115,Kerberos,14.6819,11.6,Fermentor 33201742668461
105,406091,2017-04-28 06:57:00,0.4142447,Kerberos,14.6819,8.6,Fermentor 33201742668461
106,406816,2017-04-28 19:02:00,0.59814465,Kerberos,14.6819,5.9,Fermentor 33201742668461
107,407616,2017-04-29 08:22:00,0.65944463,Kerberos,14.6819,5,Fermentor 33201742668461
108,425956,2017-05-12 02:02:00,0,Kerberos,14.6819,0,Fermentor 33201751168462
109,426226,2017-05-12 06:32:00,0.0328227431,Kerberos,14.6819,14.2,Fermentor 33201751168462
110,426556,2017-05-12 12:02:00,0.134989351,Kerberos,14.6819,12.7,Fermentor 33201751168462
111,426961,2017-05-12 18:47:00,0.2099115,Kerberos,14.6819,11.6,Fermentor 33201751168462
112,427691,2017-05-13 06:57:00,0.4142447,Kerberos,14.6819,8.6,Fermentor 33201751168462
113,428416,2017-05-13 19:02:00,0.59814465,Kerberos,14.6819,5.9,Fermentor 33201751168462
114,429216,2017-05-14 08:22:00,0.65944463,Kerberos,14.6819,5,Fermentor 33201751168462
115,446831,2017-05-06 13:56:00,0,Realtime Hops,0,0,Fermentor 3420175624960
116,447417,2017-05-06 23:42:00,0.059941683,Realtime Hops,13.5098,12.7,Fermentor 3420175624960
117,448122,2017-05-07 11:27:00,0.244992539,Realtime Hops,13.5098,10.2,Fermentor 3420175624960
118,448497,2017-05-07 17:42:00,0.363425046,Realtime Hops,13.5098,8.6,Fermentor 3420175624960
119,449337,2017-05-08 07:42:00,0.615094244,Realtime Hops,13.5098,5.2,Fermentor 3420175624960
120,449957,2017-05-08 18:02:00,0.726124763,Realtime Hops,13.5098,3.7,Fermentor 3420175624960
121,473798,2017-05-05 07:22:00,0,Red Wonder,0,0,Fermentor 352017551261
122,476013,2017-05-06 20:17:00,0.409012228,Red Wonder,15.39795,9.1,Fermentor 3520175549261
123,476923,2017-05-07 11:27:00,0.668787062,Red Wonder,15.39795,5.1,Fermentor 3520175549261
124,477293,2017-05-07 17:37:00,0.746719539,Red Wonder,15.39795,3.9,Fermentor 3520175549261
125,489617,2017-04-26 07:00:00,0.08176173,Realtime Hops,13.50412,12.4,Fermentor 36201742557961
126,490044,2017-04-26 14:07:00,0.14840804,Realtime Hops,13.50412,11.5,Fermentor 36201742557961
127,490289,2017-04-26 18:12:00,0.215054333,Realtime Hops,13.50412,10.6,Fermentor 36201742557961
128,491029,2017-04-27 06:32:00,0.444613934,Realtime Hops,13.50412,7.5,Fermentor 36201742557961
129,491759,2017-04-27 18:42:00,0.6593632,Realtime Hops,13.50412,4.6,Fermentor 36201742557961
130,509279,2017-05-09 22:42:00,0,Grey Horse,17.06881,0,Fermentor 3620175956462
131,509954,2017-05-10 09:57:00,0.156355947,Grey Horse,17.06881,14.4,Fermentor 3620175956462
132,510744,2017-05-10 23:07:00,0,Realtime Hops,13.50412,0,Fermentor 36201751057962
133,511164,2017-05-11 06:07:00,0.08176173,Realtime Hops,13.50412,12.4,Fermentor 36201751057962
134,511644,2017-05-11 14:07:00,0.14840804,Realtime Hops,13.50412,11.5,Fermentor 36201751057962
135,511889,2017-05-11 18:12:00,0.215054333,Realtime Hops,13.50412,10.6,Fermentor 36201751057962
136,512629,2017-05-12 06:32:00,0.444613934,Realtime Hops,13.50412,7.5,Fermentor 36201751057962
137,513364,2017-05-12 18:47:00,0.6593632,Realtime Hops,13.50412,4.6,Fermentor 36201751057962
138,519750,2017-05-17 05:12:00,0,Realtime Hops,13.51553,0,Fermentor 31201751679861
139,520370,2017-05-17 15:32:00,0.104733542,Realtime Hops,13.51553,12.1,Fermentor 31201751679861
140,520520,2017-05-17 18:02:00,0.141728014,Realtime Hops,13.51553,11.6,Fermentor 31201751679861
141,520700,2017-05-17 21:02:00,0.186121419,Realtime Hops,13.51553,11,Fermentor 31201751679861
142,521365,2017-05-18 08:07:00,0.378492743,Realtime Hops,13.51553,8.4,Fermentor 31201751679861
143,521974,2017-05-18 18:16:00,0.5782629,Realtime Hops,13.51553,5.7,Fermentor 31201751679861
144,522684,2017-05-19 06:06:00,0.71884197,Realtime Hops,13.51553,3.8,Fermentor 31201751679861
145,538294,2017-05-30 02:16:00,0,Realtime Hops,13.50309,0,Fermentor 31201752969360
146,538510,2017-05-30 05:52:00,0.04466313,Realtime Hops,13.50309,12.9,Fermentor 31201752969360
147,538669,2017-05-30 08:31:00,0.06688021,Realtime Hops,13.50309,12.6,Fermentor 31201752969360
148,538974,2017-05-30 13:36:00,0.111314513,Realtime Hops,13.50309,12,Fermentor 31201752969360
149,539225,2017-05-30 17:47:00,0.163154483,Realtime Hops,13.50309,11.3,Fermentor 31201752969360
150,540259,2017-05-31 11:01:00,0.489005834,Realtime Hops,13.50309,6.9,Fermentor 31201752969360
151,540700,2017-05-31 18:22:00,0.637120068,Realtime Hops,13.50309,4.9,Fermentor 31201752969360
152,541445,2017-06-01 06:47:00,0.7333944,Realtime Hops,13.50309,3.6,Fermentor 31201752969360
153,556731,2017-05-22 21:32:00,0,Alistair,10.81004,0,Fermentor 32201752252261
154,557231,2017-05-23 05:52:00,0.111936688,Alistair,10.81004,9.6,Fermentor 32201752252261
155,557755,2017-05-23 14:36:00,0.25069657,Alistair,10.81004,8.1,Fermentor 32201752252261
156,557965,2017-05-23 18:06:00,0.333952546,Alistair,10.81004,7.2,Fermentor 32201752252261
157,558601,2017-05-24 04:42:00,0.592970967,Alistair,10.81004,4.4,Fermentor 32201752252261
158,559451,2017-05-24 18:52:00,0.7687335,Alistair,10.81004,2.5,Fermentor 32201752252261
159,572751,2017-06-03 00:32:00,0,Kennedy,16.49203,0,Fermentor 3220176263063
160,573216,2017-06-03 08:17:00,0.114723831,Kennedy,16.49203,14.6,Fermentor 3220176263063
161,573881,2017-06-03 19:22:00,0.290566385,Kennedy,16.49203,11.7,Fermentor 3220176263063
162,574686,2017-06-04 08:47:00,0.5573619,Kennedy,16.49203,7.3,Fermentor 3220176263063
163,591122,2017-05-26 18:42:00,0,Kennedy,0,0,Fermentor 33201752642061
164,591881,2017-05-27 07:21:00,0.176556081,Kennedy,16.516,13.6,Fermentor 33201752642061
165,592546,2017-05-27 18:26:00,0.382417083,Kennedy,16.516,10.2,Fermentor 33201752642061
166,612443,2017-05-21 14:02:00,0,Realtime Hops,0,0,Fermentor 34201752125261
167,613023,2017-05-21 23:42:00,0.059941683,Realtime Hops,13.5098,12.7,Fermentor 34201752125261
168,613733,2017-05-22 11:32:00,0.244992539,Realtime Hops,13.5098,10.2,Fermentor 34201752125261
169,614103,2017-05-22 17:42:00,0.363425046,Realtime Hops,13.5098,8.6,Fermentor 34201752125261
170,614943,2017-05-23 07:42:00,0.615094244,Realtime Hops,13.5098,5.2,Fermentor 34201752125261
171,615567,2017-05-23 18:06:00,0.726124763,Realtime Hops,13.5098,3.7,Fermentor 34201752125261
172,633408,2017-06-05 03:27:00,0,Hop-Scotch,13.71829,0,Fermentor 3420176473562
173,633553,2017-06-05 05:52:00,0.04507048,Hop-Scotch,13.71829,13.1,Fermentor 3420176473562
174,640204,2017-05-20 20:42:00,0,Red Wonder,15.39795,0,Fermentor 35201752049261
175,641619,2017-05-21 20:17:00,0.409012228,Red Wonder,15.39795,9.1,Fermentor 35201752049261
176,642534,2017-05-22 11:32:00,0.668787062,Red Wonder,15.39795,5.1,Fermentor 35201752049261
177,642904,2017-05-22 17:42:00,0.746719539,Red Wonder,15.39795,3.9,Fermentor 35201752049261
178,657089,2017-06-01 14:07:00,0,5450,0,0,Fermentor 3520176125561
179,658164,2017-06-02 08:02:00,0.301855057,5450,14.89662,10.4,Fermentor 3520176125561
180,658304,2017-06-02 10:22:00,0.328706771,5450,14.89662,10,Fermentor 3520176125561
181,658794,2017-06-02 18:32:00,0.509955943,5450,14.89662,7.3,Fermentor 3520176125561
182,659619,2017-06-03 08:17:00,0.738195658,5450,14.89662,3.9,Fermentor 3520176125561
183,674885,2017-05-24 22:42:00,0,Grey Horse,17.06881,0,Fermentor 36201752456466
184,675560,2017-05-25 09:57:00,0.156355947,Grey Horse,17.06881,14.4,Fermentor 36201752456466
185,676150,2017-05-25 19:47:00,0.2911046,Grey Horse,17.06881,12.1,Fermentor 36201752456466
186,676945,2017-05-26 09:02:00,0.472722441,Grey Horse,17.06881,9,Fermentor 36201752456466
187,677520,2017-05-26 18:37:00,0.6133298,Grey Horse,17.06881,6.6,Fermentor 36201752456466
188,701071,2017-06-12 03:07:00,0,Grey Horse,16.75188,0,Fermentor 31201761172361
189,701731,2017-06-12 14:07:00,0.1463645,Grey Horse,16.75188,14.3,Fermentor 31201761172361
190,702146,2017-06-12 21:02:00,0.2538151,Grey Horse,16.75188,12.5,Fermentor 31201761172361
191,702796,2017-06-13 07:52:00,0.4567774,Grey Horse,16.75188,9.1,Fermentor 31201761172361
192,714201,2017-06-21 05:57:00,0,Realtime Hops,13.51553,0,Fermentor 31201762082561
193,714821,2017-06-21 16:17:00,0.104733542,Realtime Hops,13.51553,12.1,Fermentor 31201762082561
194,714976,2017-06-21 18:52:00,0.141728014,Realtime Hops,13.51553,11.6,Fermentor 31201762082561
195,715151,2017-06-21 21:47:00,0.186121419,Realtime Hops,13.51553,11,Fermentor 31201762082561
196,715821,2017-06-22 08:57:00,0.378492743,Realtime Hops,13.51553,8.4,Fermentor 31201762082561
197,716426,2017-06-22 19:02:00,0.5782629,Realtime Hops,13.51553,5.7,Fermentor 31201762082561
198,717136,2017-06-23 06:52:00,0.71884197,Realtime Hops,13.51553,3.8,Fermentor 31201762082561
199,756698,2017-06-10 18:12:00,0,Red Wonder,15.39917,0,Fermentor 33201761040261
200,756738,2017-06-10 18:52:00,0.07787239,Red Wonder,15.39917,14.2,Fermentor 33201761040261
201,757468,2017-06-11 07:02:00,0.246712625,Red Wonder,15.39917,11.6,Fermentor 33201761040261
202,758128,2017-06-11 18:02:00,0.44152832,Red Wonder,15.39917,8.6,Fermentor 33201761040261
203,759333,2017-06-12 14:07:00,0.766221166,Red Wonder,15.39917,3.6,Fermentor 33201761040261
204,764413,2017-06-16 02:47:00,0,Kerberos,14.6819,0,Fermentor 33201761571162
205,764683,2017-06-16 07:17:00,0.0328227431,Kerberos,14.6819,14.2,Fermentor 33201761571162
206,765013,2017-06-16 12:47:00,0.134989351,Kerberos,14.6819,12.7,Fermentor 33201761571162
207,765423,2017-06-16 19:37:00,0.2099115,Kerberos,14.6819,11.6,Fermentor 33201761571162
208,766153,2017-06-17 07:47:00,0.4142447,Kerberos,14.6819,8.6,Fermentor 33201761571162
209,766873,2017-06-17 19:47:00,0.59814465,Kerberos,14.6819,5.9,Fermentor 33201761571162
210,767673,2017-06-18 09:07:00,0.65944463,Kerberos,14.6819,5,Fermentor 33201761571162
211,777627,2017-06-05 07:00:00,0.04507048,Hop-Scotch,13.71829,13.1,Fermentor 3420176473562
212,778454,2017-06-05 20:47:00,0.256467134,Hop-Scotch,13.71829,10.2,Fermentor 3420176473562
213,779099,2017-06-06 07:32:00,0.489732325,Hop-Scotch,13.71829,7,Fermentor 3420176473562
214,833855,2017-06-24 08:07:00,0,Red Wonder,0,0,Fermentor 3520176243961
215,838786,2017-06-07 18:17:00,0.08215933,Realtime Hops,13.50997,12.4,Fermentor 3620176712361
216,839041,2017-06-07 22:32:00,0.12657094,Realtime Hops,13.50997,11.8,Fermentor 3620176712361
217,839131,2017-06-08 00:02:00,0.14877677,Realtime Hops,13.50997,11.5,Fermentor 3620176712361
218,839741,2017-06-08 10:12:00,0.311619461,Realtime Hops,13.50997,9.3,Fermentor 3620176712361
219,840331,2017-06-08 20:02:00,0.467060268,Realtime Hops,13.50997,7.2,Fermentor 3620176712361
220,849206,2017-06-14 23:57:00,0,Realtime Hops,13.50412,0,Fermentor 36201761460962
221,849621,2017-06-15 06:52:00,0.08176173,Realtime Hops,13.50412,12.4,Fermentor 36201761460962
222,850106,2017-06-15 14:57:00,0.14840804,Realtime Hops,13.50412,11.5,Fermentor 36201761460962
223,850346,2017-06-15 18:57:00,0.215054333,Realtime Hops,13.50412,10.6,Fermentor 36201761460962
224,851086,2017-06-16 07:17:00,0.444613934,Realtime Hops,13.50412,7.5,Fermentor 36201761460962
225,851821,2017-06-16 19:32:00,0.6593632,Realtime Hops,13.50412,4.6,Fermentor 36201761460962
226,864030,2017-10-03 07:00:00,0.04466313,Realtime Hops,13.50309,12.9,Fermentor 31201710271766
227,864167,2017-10-03 09:17:00,0.06688021,Realtime Hops,13.50309,12.6,Fermentor 31201710271766
228,864467,2017-10-03 14:17:00,0.111314513,Realtime Hops,13.50309,12,Fermentor 31201710271766
229,864717,2017-10-03 18:27:00,0.163154483,Realtime Hops,13.50309,11.3,Fermentor 31201710271766
230,865757,2017-10-04 11:47:00,0.489005834,Realtime Hops,13.50309,6.9,Fermentor 31201710271766
231,866197,2017-10-04 19:07:00,0.637120068,Realtime Hops,13.50309,4.9,Fermentor 31201710271766
232,882562,2017-10-16 03:52:00,0,Grey Horse,16.75188,0,Fermentor 312017101575065
233,883222,2017-10-16 14:52:00,0.1463645,Grey Horse,16.75188,14.3,Fermentor 312017101575065
234,883637,2017-10-16 21:47:00,0.2538151,Grey Horse,16.75188,12.5,Fermentor 312017101575065
235,884287,2017-10-17 08:37:00,0.4567774,Grey Horse,16.75188,9.1,Fermentor 312017101575065
236,898248,2017-10-07 01:17:00,0,Kennedy,16.49203,0,Fermentor 32201710665762
237,898713,2017-10-07 09:02:00,0.114723831,Kennedy,16.49203,14.6,Fermentor 32201710665762
238,899373,2017-10-07 20:02:00,0.290566385,Kennedy,16.49203,11.7,Fermentor 32201710665762
239,900183,2017-10-08 09:32:00,0.5573619,Kennedy,16.49203,7.3,Fermentor 32201710665762
240,919803,2017-10-22 00:32:00,0,Realtime Hops,13.50653,0,Fermentor 322017102163068
241,920378,2017-10-22 10:07:00,0.104136996,Realtime Hops,13.50653,12.1,Fermentor 322017102163068
242,920963,2017-10-22 19:52:00,0.23000209,Realtime Hops,13.50653,10.4,Fermentor 322017102163068
243,938189,2017-10-14 18:57:00,0,Red Wonder,15.39917,0,Fermentor 332017101442961
244,938229,2017-10-14 19:37:00,0.07787239,Red Wonder,15.39917,14.2,Fermentor 332017101442961
245,938959,2017-10-15 07:47:00,0.246712625,Red Wonder,15.39917,11.6,Fermentor 332017101442961
246,939619,2017-10-15 18:47:00,0.44152832,Red Wonder,15.39917,8.6,Fermentor 332017101442961
247,940819,2017-10-16 14:47:00,0.766221166,Red Wonder,15.39917,3.6,Fermentor 332017101442961
248,958905,2017-10-09 04:12:00,0,Hop-Scotch,13.71829,0,Fermentor 34201710876270
249,959050,2017-10-09 06:37:00,0.04507048,Hop-Scotch,13.71829,13.1,Fermentor 34201710876270
250,959940,2017-10-09 21:27:00,0.256467134,Hop-Scotch,13.71829,10.2,Fermentor 34201710876270
251,960590,2017-10-10 08:17:00,0.489732325,Hop-Scotch,13.71829,7,Fermentor 34201710876270
252,973900,2017-10-19 14:07:00,0,Realtime Hops,13.50801,0,Fermentor 342017101925569
253,974250,2017-10-19 19:57:00,0.0524140671,Realtime Hops,13.50801,12.8,Fermentor 342017101925569
254,974420,2017-10-19 22:47:00,0.07462312,Realtime Hops,13.50801,12.5,Fermentor 342017101925569
255,974625,2017-10-20 02:12:00,0.1116382,Realtime Hops,13.50801,12,Fermentor 342017101925569
256,975020,2017-10-20 08:47:00,0.1930714,Realtime Hops,13.50801,10.9,Fermentor 342017101925569
257,975635,2017-10-20 19:02:00,0.39295277,Realtime Hops,13.50801,8.2,Fermentor 342017101925569
258,982586,2017-10-05 14:52:00,0,5450,0,0,Fermentor 35201710528265
259,983661,2017-10-06 08:47:00,0.301855057,5450,14.89662,10.4,Fermentor 35201710528265
260,983796,2017-10-06 11:02:00,0.328706771,5450,14.89662,10,Fermentor 35201710528265
261,984291,2017-10-06 19:17:00,0.509955943,5450,14.89662,7.3,Fermentor 35201710528265
262,985116,2017-10-07 09:02:00,0.738195658,5450,14.89662,3.9,Fermentor 35201710528265
263,1019802,2017-10-11 11:07:00,0,Realtime Hops,13.50997,0,Fermentor 362017101114765
264,1020277,2017-10-11 19:02:00,0.08215933,Realtime Hops,13.50997,12.4,Fermentor 362017101114765
265,1020532,2017-10-11 23:17:00,0.12657094,Realtime Hops,13.50997,11.8,Fermentor 362017101114765
266,1020622,2017-10-12 00:47:00,0.14877677,Realtime Hops,13.50997,11.5,Fermentor 362017101114765
267,1021232,2017-10-12 10:57:00,0.311619461,Realtime Hops,13.50997,9.3,Fermentor 362017101114765
268,1021822,2017-10-12 20:47:00,0.467060268,Realtime Hops,13.50997,7.2,Fermentor 362017101114765
269,1038658,2018-02-21 13:22:00,0,Realtime Hops,13.5030861,0,Fermentor 31201822119264
270,1038878,2018-02-21 17:02:00,0.044662863,Realtime Hops,13.5030861,12.9,Fermentor 31201822119264
271,1039033,2018-02-21 19:37:00,0.06687995,Realtime Hops,13.5030861,12.6,Fermentor 31201822119264
272,1039338,2018-02-22 00:42:00,0.111314267,Realtime Hops,13.5030861,12,Fermentor 31201822119264
273,1039588,2018-02-22 04:52:00,0.163154244,Realtime Hops,13.5030861,11.3,Fermentor 31201822119264
274,1040628,2018-02-22 22:12:00,0.489005685,Realtime Hops,13.5030861,6.9,Fermentor 31201822119264
275,1041063,2018-02-23 05:27:00,0.63712,Realtime Hops,13.5030861,4.9,Fermentor 31201822119264
276,1041808,2018-02-23 17:52:00,0.733394265,Realtime Hops,13.5030861,3.6,Fermentor 31201822119264
277,1057428,2018-03-06 14:12:00,0,Grey Horse,16.7518826,0,Fermentor 3120183622264
278,1058088,2018-03-07 01:12:00,0.146364585,Grey Horse,16.7518826,14.3,Fermentor 3120183622264
279,1058508,2018-03-07 08:12:00,0.2538152,Grey Horse,16.7518826,12.5,Fermentor 3120183622264
280,1059153,2018-03-07 18:57:00,0.456777453,Grey Horse,16.7518826,9.1,Fermentor 3120183622264
281,1073114,2018-02-25 11:37:00,0,Kennedy,16.4920349,0,Fermentor 32201822512962
282,1073584,2018-02-25 19:27:00,0.114724137,Kennedy,16.4920349,14.6,Fermentor 32201822512962
283,1074244,2018-02-26 06:27:00,0.290566623,Kennedy,16.4920349,11.7,Fermentor 32201822512962
284,1075054,2018-02-26 19:57:00,0.5573621,Kennedy,16.4920349,7.3,Fermentor 32201822512962
285,1113060,2018-03-05 05:22:00,0,Red Wonder,15.3991661,0,Fermentor 3320183476863
286,1113095,2018-03-05 05:57:00,0.07787216,Red Wonder,15.3991661,14.2,Fermentor 3320183476863
287,1113825,2018-03-05 18:07:00,0.246712431,Red Wonder,15.3991661,11.6,Fermentor 3320183476863
288,1114485,2018-03-06 05:07:00,0.441528171,Red Wonder,15.3991661,8.6,Fermentor 3320183476863
289,1115690,2018-03-07 01:12:00,0.7662211,Red Wonder,15.3991661,3.6,Fermentor 3320183476863
290,1133771,2018-02-27 14:32:00,0,Hop-Scotch,13.7182856,0,Fermentor 34201822723470
291,1133916,2018-02-27 16:57:00,0.04507015,Hop-Scotch,13.7182856,13.1,Fermentor 34201822723470
292,1134811,2018-02-28 07:52:00,0.256466866,Hop-Scotch,13.7182856,10.2,Fermentor 34201822723470
293,1135461,2018-02-28 18:42:00,0.489732146,Hop-Scotch,13.7182856,7,Fermentor 34201822723470
294,1149121,2018-03-10 06:22:00,0.052413933,Realtime Hops,13.508008,12.8,Fermentor 3420183959464
295,1149291,2018-03-10 09:12:00,0.0746229962,Realtime Hops,13.508008,12.5,Fermentor 3420183959464
296,1149496,2018-03-10 12:37:00,0.111638077,Realtime Hops,13.508008,12,Fermentor 3420183959464
297,1149891,2018-03-10 19:12:00,0.193071276,Realtime Hops,13.508008,10.9,Fermentor 3420183959464
298,1150506,2018-03-11 05:27:00,0.3929527,Realtime Hops,13.508008,8.2,Fermentor 3420183959464
299,1151386,2018-03-11 20:07:00,0.6668643,Realtime Hops,13.508008,4.5,Fermentor 3420183959464
300,1157457,2018-02-24 01:17:00,0,5450,14.896615,0,Fermentor 35201822362163
301,1158532,2018-02-24 19:12:00,0.301854849,5450,14.896615,10.4,Fermentor 35201822362163
302,1158667,2018-02-24 21:27:00,0.328706563,5450,14.896615,10,Fermentor 35201822362163
303,1159157,2018-02-25 05:37:00,0.509955764,5450,14.896615,7.3,Fermentor 35201822362163
304,1159982,2018-02-25 19:22:00,0.738195539,5450,14.896615,3.9,Fermentor 35201822362163
305,1194673,2018-03-01 21:32:00,0,Realtime Hops,13.5099688,0,Fermentor 3620183148663
306,1195143,2018-03-02 05:22:00,0.0821592659,Realtime Hops,13.5099688,12.4,Fermentor 3620183148663
307,1195403,2018-03-02 09:42:00,0.12657088,Realtime Hops,13.5099688,11.8,Fermentor 3620183148663
308,1195488,2018-03-02 11:07:00,0.14877671,Realtime Hops,13.5099688,11.5,Fermentor 3620183148663
309,1196103,2018-03-02 21:22:00,0.3116194,Realtime Hops,13.5099688,9.3,Fermentor 3620183148663
310,1196688,2018-03-03 07:07:00,0.4670602,Realtime Hops,13.5099688,7.2,Fermentor 3620183148663
311,1197488,2018-03-03 20:27:00,0.689118445,Realtime Hops,13.5099688,4.2,Fermentor 3620183148663
312,1220644,2018-03-19 22:22:00,0,Adele,11.50759,0.0,Fermentor 31201831955264
313,1221104,2018-03-20 06:02:00,0.09624871,Adele,11.50759,10.4,Fermentor 31201831955264
314,1221924,2018-03-20 19:42:00,0.3134966,Adele,11.50759,7.9,Fermentor 31201831955264
315,1222504,2018-03-21 05:22:00,0.539434433,Adele,11.50759,5.3,Fermentor 31201831955264
316,1223414,2018-03-21 20:32:00,0.7045428,Adele,11.50759,3.4,Fermentor 31201831955264
317,1238680,2018-03-12 10:57:00,0.0,Realtime Hops,13.50653,0.0,Fermentor 32201831214164
318,1239255,2018-03-12 20:32:00,0.104136996,Realtime Hops,13.50653,12.1,Fermentor 32201831214164
319,1239840,2018-03-13 06:17:00,0.23000209,Realtime Hops,13.50653,10.4,Fermentor 32201831214164
320,1240835,2018-03-13 22:52:00,0.58538574,Realtime Hops,13.50653,5.6,Fermentor 32201831214164
321,1241280,2018-03-14 06:17:00,0.674231648,Realtime Hops,13.50653,4.4,Fermentor 32201831214164
322,1253150,2018-03-22 12:07:00,0.0,Kerberos,14.73,0.0,Fermentor 32201832218363
323,1253495,2018-03-22 17:52:00,0.05642511,Kerberos,14.73121,13.9,Fermentor 32201832218363
324,1253665,2018-03-22 20:42:00,0.08357832,Kerberos,14.73121,13.5,Fermentor 32201832218363
325,1254180,2018-03-23 05:17:00,0.198979557,Kerberos,14.73121,11.8,Fermentor 32201832218363
326,1255040,2018-03-23 19:37:00,0.41620543600000004,Kerberos,14.73121,8.6,Fermentor 32201832218363
327,1255620,2018-03-24 05:17:00,0.5519715999999999,Kerberos,14.73121,6.6,Fermentor 32201832218363
328,1256390,2018-03-24 18:07:00,0.6198547,Kerberos,14.73121,5.6,Fermentor 32201832218363
329,1273516,2018-03-16 15:32:00,0,Alistair,10.7547359,0,Fermentor 33201831630664
330,1273666,2018-03-16 18:02:00,0.0329841971,Alistair,10.7547359,10.4,Fermentor 33201831630664
331,1274036,2018-03-17 00:12:00,0.0980717838,Alistair,10.7547359,9.7,Fermentor 33201831630664
332,1274151,2018-03-17 02:07:00,0.135264665,Alistair,10.7547359,9.3,Fermentor 33201831630664
333,1274381,2018-03-17 05:57:00,0.209650517,Alistair,10.7547359,8.5,Fermentor 33201831630664
334,1275178,2018-03-17 19:14:00,0.20965051699999998,Alistair,10.7547359,8.5,Fermentor 33201831630664
335,1275216,2018-03-17 19:52:00,0.5815796999999999,Alistair,10.7547359,4.5,Fermentor 33201831630664
336,1275746,2018-03-18 04:42:00,0.6931584479999999,Alistair,10.7547359,3.3,Fermentor 33201831630664
337,1289666,2018-03-27 20:42:00,0.0,Kerberos,14.7058516,0.0,Fermentor 33201832749264
338,1290071,2018-03-28 03:27:00,0.0479980074,Kerberos,14.7058516,14.0,Fermentor 33201832749264
339,1290206,2018-03-28 05:42:00,0.07519804,Kerberos,14.7058516,13.6,Fermentor 33201832749264
340,1290451,2018-03-28 09:47:00,0.115998149,Kerberos,14.7058516,13.0,Fermentor 33201832749264
341,1290966,2018-03-28 18:22:00,0.2247984,Kerberos,14.7058516,11.4,Fermentor 33201832749264
342,1291721,2018-03-29 06:57:00,0.4219988,Kerberos,14.7058516,8.5,Fermentor 33201832749264
343,1292446,2018-03-29 19:02:00,0.5783990999999999,Kerberos,14.7058516,6.2,Fermentor 33201832749264
344,1309987,2018-03-21 23:22:00,0.0,Grey Horse,16.944841399999998,0.0,Fermentor 34201832158862
345,1310397,2018-03-22 06:12:00,0.114774838,Grey Horse,16.944841399999998,15.0,Fermentor 34201832158862
346,1311162,2018-03-22 18:57:00,0.33313036,Grey Horse,16.944841399999998,11.3,Fermentor 34201832158862
347,1311782,2018-03-23 05:17:00,0.5219784000000001,Grey Horse,16.944841399999998,8.1,Fermentor 34201832158862
348,1328093,2018-03-14 13:07:00,0.0,Grey Horse,17.03,0.0,Fermentor 35201831421964
349,1328523,2018-03-14 20:17:00,0.118163325,Grey Horse,17.0099525,15.0,Fermentor 35201831421964
350,1329123,2018-03-15 06:17:00,0.271015048,Grey Horse,17.0099525,12.4,Fermentor 35201831421964
351,1329978,2018-03-15 20:32:00,0.5296871,Grey Horse,17.0099525,8.0,Fermentor 35201831421964
352,1351058,2018-03-30 11:52:00,0.0,Grey Horse,17.025913199999998,0.0,Fermentor 35201833017473
353,1351548,2018-03-30 20:02:00,0.08962299,Grey Horse,17.025913199999998,15.5,Fermentor 35201833017473
354,1352068,2018-03-31 04:42:00,0.177723989,Grey Horse,17.025913199999998,14.0,Fermentor 35201833017473
355,1353093,2018-03-31 21:47:00,0.436153561,Grey Horse,17.025913199999998,9.6,Fermentor 35201833017473
356,1361689,2018-03-17 21:02:00,0,Red Wonder,15.3978367,0,Fermentor 36201831750465
357,1362149,2018-03-18 04:42:00,0.142736733,Red Wonder,15.3978367,13.2,Fermentor 36201831750465
358,1362904,2018-03-18 17:17:00,0.344063669,Red Wonder,15.3978367,10.1,Fermentor 36201831750465
359,1363599,2018-03-19 04:52:00,0.545390666,Red Wonder,15.3978367,7,Fermentor 36201831750465
360,1364374,2018-03-19 17:47:00,0.467457682,Red Wonder,15.3978367,8.2,Fermentor 36201831750465
361,1365099,2018-03-20 05:52:00,0.785684168,Red Wonder,15.3978367,3.3,Fermentor 36201831750465
362,1390155,2018-04-06 15:27:00,0,Grey Horse,17.03,0.0,Fermentor 3120184630364
363,1390300,2018-04-06 17:52:00,0.00482059969,Grey Horse,16.0775032,16.0,Fermentor 3120184630364
364,1390447,2018-04-06 20:19:00,0.00372660952,Grey Horse,16.0598488,16.0,Fermentor 3120184630364
365,1390970,2018-04-07 05:02:00,0.115807377,Grey Horse,16.0598488,14.2,Fermentor 3120184630364
366,1391985,2018-04-07 21:57:00,0.389782548,Grey Horse,16.0598488,9.8,Fermentor 3120184630364
367,1392420,2018-04-08 05:12:00,0.520543456,Grey Horse,16.0598488,7.7,Fermentor 3120184630364
368,1422616,2018-04-09 04:27:00,0.0,Red Wonder,15.389377599999998,0.0,Fermentor 3220184877164
369,1422726,2018-04-09 06:17:00,0.05129364,Red Wonder,15.389377599999998,14.6,Fermentor 3220184877164
370,1423481,2018-04-09 18:52:00,0.226739377,Red Wonder,15.389377599999998,11.9,Fermentor 3220184877164
371,1424216,2018-04-10 07:07:00,0.467164934,Red Wonder,15.389377599999998,8.2,Fermentor 3220184877164
372,1425282,2018-04-11 00:53:00,0.753076434,Red Wonder,15.389377599999998,3.8,Fermentor 3220184877164
373,1449057,2018-04-07 13:07:00,0.0,Realtime Hops,13.501548800000002,0.0,Fermentor 3320184721963
374,1449587,2018-04-07 21:57:00,0.09639998,Realtime Hops,13.501548800000002,12.2,Fermentor 3320184721963
375,1450022,2018-04-08 05:12:00,0.19268523199999998,Realtime Hops,13.501548800000002,10.9,Fermentor 3320184721963
376,1450787,2018-04-08 17:57:00,0.444508165,Realtime Hops,13.501548800000002,7.5,Fermentor 3320184721963
377,1451522,2018-04-09 06:12:00,0.6741114,Realtime Hops,13.501548800000002,4.4,Fermentor 3320184721963
378,1468712,2018-04-21 04:42:00,0.0,Realtime Hops,13.5038271,0.0,Fermentor 33201842078064
379,1468737,2018-04-21 05:07:00,0.01509401,Realtime Hops,13.5038271,13.3,Fermentor 33201842078064
380,1478533,2018-04-08 00:22:00,0.0,Realtime Hops,13.5040751,0.0,Fermentor 3420184762463
381,1478823,2018-04-08 05:12:00,0.06694829,Realtime Hops,13.5040751,12.6,Fermentor 3420184762463
382,1479588,2018-04-08 17:57:00,0.2076466,Realtime Hops,13.5040751,10.7,Fermentor 3420184762463
383,1480323,2018-04-09 06:12:00,0.4446121,Realtime Hops,13.5040751,7.5,Fermentor 3420184762463
384,1481083,2018-04-09 18:52:00,0.6815775629999999,Realtime Hops,13.5040751,4.3,Fermentor 3420184762463
385,1517754,2018-04-15 06:02:00,0.0,Realtime Hops,13.5058489,0.0,Fermentor 35201841482864
386,1518499,2018-04-15 18:27:00,0.11890028400000001,Realtime Hops,13.5058489,11.9,Fermentor 35201841482864
387,1518769,2018-04-15 22:57:00,0.17813383,Realtime Hops,13.5058489,11.1,Fermentor 35201841482864
388,1519189,2018-04-16 05:57:00,0.40766403100000004,Realtime Hops,13.5058489,8.0,Fermentor 35201841482864
389,1519974,2018-04-16 19:02:00,0.5409396,Realtime Hops,13.5058489,6.2,Fermentor 35201841482864
390,1520659,2018-04-17 06:27:00,0.6964278,Realtime Hops,13.5058489,4.1,Fermentor 35201841482864
391,1530850,2018-04-04 08:17:00,0.0,Kennedy,16.47094,0.0,Fermentor 362018444564
392,1531495,2018-04-04 19:02:00,0.14394681199999998,Kennedy,16.47094,14.1,Fermentor 362018444564
393,1532155,2018-04-05 06:02:00,0.356442273,Kennedy,16.47094,10.6,Fermentor 362018444564
394,1532960,2018-04-05 19:27:00,0.6175082,Kennedy,16.47094,6.3,Fermentor 362018444564
395,1553160,2018-04-19 20:07:00,0.0,Manual Logger,16.0198021,0.0,Fermentor 36201841947164
396,1553700,2018-04-20 05:07:00,0.08862792,Manual Logger,16.0198021,14.6,Fermentor 36201841947164
397,1554665,2018-04-20 21:12:00,0.2634116,Manual Logger,16.0198021,11.8,Fermentor 36201841947164
398,1555135,2018-04-21 05:02:00,0.38825709999999997,Manual Logger,16.0198021,9.8,Fermentor 36201841947164
399,1555826,2018-04-21 16:32:00,0.0,Grey Horse,17.00202,0.0,Fermentor 31201842134264
400,1556081,2018-04-21 20:47:00,0.0765803158,Grey Horse,17.00202,15.7,Fermentor 31201842134264
401,1556596,2018-04-22 05:22:00,0.158923447,Grey Horse,17.00202,14.3,Fermentor 31201842134264
402,1557536,2018-04-22 21:02:00,0.40595290000000006,Grey Horse,17.00202,10.1,Fermentor 31201842134264
403,1558041,2018-04-23 05:27:00,0.547112644,Grey Horse,17.00202,7.7,Fermentor 31201842134264
404,1578546,2018-05-07 11:12:00,0,Manual Logger,17.1340332,0,Fermentor 3120185715064
405,1579701,2018-05-08 06:27:00,0.20042178,Manual Logger,17.1340332,13.7,Fermentor 3120185715064
406,1580491,2018-05-08 19:37:00,0.363839239,Manual Logger,17.1340332,10.9,Fermentor 3120185715064
407,1581131,2018-05-09 06:17:00,0.527256668,Manual Logger,17.1340332,8.1,Fermentor 3120185715064
408,1585287,2018-04-22 03:32:00,0,Hop-Scotch,13.6996937,0,Fermentor 32201842173863
409,1585397,2018-04-22 05:22:00,0.02917536,Hop-Scotch,13.6996937,13.3,Fermentor 32201842173863
410,1586337,2018-04-22 21:02:00,0.3138533,Hop-Scotch,13.6996937,9.4,Fermentor 32201842173863
411,1603117,2018-05-04 12:42:00,0,Realtime Hops,13.500001,0,Fermentor 3220185420463
412,1603587,2018-05-04 20:32:00,0.05925934,Realtime Hops,13.500001,12.7,Fermentor 3220185420463
413,1603782,2018-05-04 23:47:00,0.09629638,Realtime Hops,13.500001,12.2,Fermentor 3220185420463
414,1603967,2018-05-05 02:52:00,0.133333415,Realtime Hops,13.500001,11.7,Fermentor 3220185420463
415,1604112,2018-05-05 05:17:00,0.170370445,Realtime Hops,13.500001,11.2,Fermentor 3220185420463
416,1612856,2018-04-21 07:00:00,0.01509401,Realtime Hops,13.5038271,13.3,Fermentor 33201842078064
417,1613278,2018-04-21 14:02:00,0.0965524241,Realtime Hops,13.5038271,12.2,Fermentor 33201842078064
418,1613683,2018-04-21 20:47:00,0.185416117,Realtime Hops,13.5038271,11,Fermentor 33201842078064
419,1614198,2018-04-22 05:22:00,0.3409276,Realtime Hops,13.5038271,8.9,Fermentor 33201842078064
420,1615138,2018-04-22 21:02:00,0.651950538,Realtime Hops,13.5038271,4.7,Fermentor 33201842078064
421,1615643,2018-04-23 05:27:00,0.711192966,Realtime Hops,13.5038271,3.9,Fermentor 33201842078064
422,1629313,2018-05-02 17:17:00,0,Realtime Hops,13.5079384,0,Fermentor 3320185236963
423,1630108,2018-05-03 06:32:00,0.126439586,Realtime Hops,13.5079384,11.8,Fermentor 3320185236963
424,1630818,2018-05-03 18:22:00,0.348531216,Realtime Hops,13.5079384,8.8,Fermentor 3320185236963
425,1631483,2018-05-04 05:27:00,0.585428953,Realtime Hops,13.5079384,5.6,Fermentor 3320185236963
426,1632388,2018-05-04 20:32:00,0.7112809,Realtime Hops,13.5079384,3.9,Fermentor 3320185236963
427,1644829,2018-04-23 11:52:00,0,Red Wonder,15.40393,0,Fermentor 34201842317465
428,1645169,2018-04-23 17:32:00,0.123600259,Red Wonder,15.40393,13.5,Fermentor 34201842317465
429,1645949,2018-04-24 06:32:00,0.344323128,Red Wonder,15.40393,10.1,Fermentor 34201842317465
430,1646604,2018-04-24 17:27:00,0.539078653,Red Wonder,15.40393,7.1,Fermentor 34201842317465
431,1647359,2018-04-25 06:02:00,0.759801567,Red Wonder,15.40393,3.7,Fermentor 34201842317465
432,1661414,2018-05-05 00:17:00,0,Red Wonder,15.38,0,Fermentor 3420185462163
433,1661714,2018-05-05 05:17:00,0.09078238,Red Wonder,15.3978539,14,Fermentor 3420185462163
434,1683125,2018-04-30 02:07:00,0,Manual Logger,17.02138,0,Fermentor 35201842968765
435,1683305,2018-04-30 05:07:00,0.0365058444,Manual Logger,17.02138,16.4,Fermentor 35201842968765
436,1684175,2018-04-30 19:37:00,0.195129871,Manual Logger,17.02138,13.7,Fermentor 35201842968765
437,1684825,2018-05-01 06:27:00,0.3185041,Manual Logger,17.02138,11.6,Fermentor 35201842968765
438,1685485,2018-05-01 17:27:00,0.4712532,Manual Logger,17.02138,9,Fermentor 35201842968765
439,1699259,2018-04-21 07:00:00,0.3882571,Manual Logger,16.0198021,9.8,Fermentor 36201841947164
440,1700086,2018-04-21 20:47:00,0.612979,Manual Logger,16.0198021,6.2,Fermentor 36201841947164
441,1746122,2018-05-23 20:02:00,0,Realtime Hops,13.5155277,0,Fermentor 31201852346865
442,1746742,2018-05-24 06:22:00,0.104733415,Realtime Hops,13.5155277,12.1,Fermentor 31201852346865
443,1746892,2018-05-24 08:52:00,0.1417279,Realtime Hops,13.5155277,11.6,Fermentor 31201852346865
444,1747072,2018-05-24 11:52:00,0.186121315,Realtime Hops,13.5155277,11,Fermentor 31201852346865
445,1747737,2018-05-24 22:57:00,0.378492653,Realtime Hops,13.5155277,8.4,Fermentor 31201852346865
446,1748347,2018-05-25 09:07:00,0.578262866,Realtime Hops,13.5155277,5.7,Fermentor 31201852346865
447,1749052,2018-05-25 20:52:00,0.7188419,Realtime Hops,13.5155277,3.8,Fermentor 31201852346865
448,1783103,2018-05-29 12:22:00,0,Alistair,10.81004,0,Fermentor 32201852919269
449,1783603,2018-05-29 20:42:00,0.111936688,Alistair,10.81004,9.6,Fermentor 32201852919269
450,1784128,2018-05-30 05:27:00,0.25069657,Alistair,10.81004,8.1,Fermentor 32201852919269
451,1784338,2018-05-30 08:57:00,0.333952546,Alistair,10.81004,7.2,Fermentor 32201852919269
452,1784973,2018-05-30 19:32:00,0.592970967,Alistair,10.81004,4.4,Fermentor 32201852919269
453,1787314,2018-05-12 10:32:00,0,Kerberos,14.681901,0,Fermentor 33201851212666
454,1787584,2018-05-12 15:02:00,0.0328228064,Kerberos,14.681901,14.2,Fermentor 33201851212666
455,1787914,2018-05-12 20:32:00,0.134989411,Kerberos,14.681901,12.7,Fermentor 33201851212666
456,1788324,2018-05-13 03:22:00,0.209911555,Kerberos,14.681901,11.6,Fermentor 33201851212666
457,1789049,2018-05-13 15:27:00,0.414244771,Kerberos,14.681901,8.6,Fermentor 33201851212666
458,1789774,2018-05-14 03:32:00,0.59814465,Kerberos,14.681901,5.9,Fermentor 33201851212666
459,1790574,2018-05-14 16:52:00,0.65944463,Kerberos,14.681901,5,Fermentor 33201851212666
460,1796604,2018-05-18 21:22:00,0.0328228064,Kerberos,14.681901,14.2,Fermentor 33201851835469
461,1796929,2018-05-19 02:47:00,0.134989411,Kerberos,14.681901,12.7,Fermentor 33201851835469
462,1797339,2018-05-19 09:37:00,0.209911555,Kerberos,14.681901,11.6,Fermentor 33201851835469
463,1798069,2018-05-19 21:47:00,0.414244771,Kerberos,14.681901,8.6,Fermentor 33201851835469
464,1798794,2018-05-20 09:52:00,0.59814465,Kerberos,14.681901,5.9,Fermentor 33201851835469
465,1799594,2018-05-20 23:12:00,0.65944463,Kerberos,14.681901,5,Fermentor 33201851835469
466,1838810,2018-05-28 04:47:00,0,Realtime Hops,0,0,Fermentor 34201852778366
467,1839395,2018-05-28 14:32:00,0.0599420145,Realtime Hops,13.5098047,12.7,Fermentor 34201852778366
468,1840105,2018-05-29 02:22:00,0.244992808,Realtime Hops,13.5098047,10.2,Fermentor 34201852778366
469,1840475,2018-05-29 08:32:00,0.363425255,Realtime Hops,13.5098047,8.6,Fermentor 34201852778366
470,1841315,2018-05-29 22:32:00,0.615094364,Realtime Hops,13.5098047,5.2,Fermentor 34201852778366
471,1865776,2018-05-26 22:12:00,0,Red Wonder,0,0,Fermentor 35201852654668
472,1867991,2018-05-28 11:07:00,0.4090121,Red Wonder,15.3979473,9.1,Fermentor 35201852654668
473,1868901,2018-05-29 02:17:00,0.668787,Red Wonder,15.3979473,5.1,Fermentor 35201852654668
474,1869271,2018-05-29 08:27:00,0.7467195,Red Wonder,15.3979473,3.9,Fermentor 35201852654668
475,1881122,2018-05-17 13:57:00,0.7408199,Realtime Hops,13.5041208,3.5,Fermentor 36201851724971
476,1881537,2018-05-17 20:52:00,0.0817618,Realtime Hops,13.5041208,12.4,Fermentor 36201851724971
477,1882022,2018-05-18 04:57:00,0.1484081,Realtime Hops,13.5041208,11.5,Fermentor 36201851724971
478,1882267,2018-05-18 09:02:00,0.2150544,Realtime Hops,13.5041208,10.6,Fermentor 36201851724971
479,1883007,2018-05-18 21:22:00,0.444613963,Realtime Hops,13.5041208,7.5,Fermentor 36201851724971
480,1883742,2018-05-19 09:37:00,0.65936327,Realtime Hops,13.5041208,4.6,Fermentor 36201851724971
481,1884472,2018-05-19 21:47:00,0.7408199,Realtime Hops,13.5041208,3.5,Fermentor 36201851724971
482,1909803,2017-10-29 11:57:00,0,Adele,11.50759,0,Fermentor 312017102917763
483,1910263,2017-10-29 19:37:00,0.09624871,Adele,11.50759,10.4,Fermentor 312017102917763
484,1911083,2017-10-30 09:17:00,0.3134966,Adele,11.50759,7.9,Fermentor 312017102917763
485,1911668,2017-10-30 19:02:00,0.539434433,Adele,11.50759,5.3,Fermentor 312017102917763
486,1912578,2017-10-31 10:12:00,0.7045428,Adele,11.50759,3.4,Fermentor 312017102917763
487,1929667,2017-10-23 07:00:00,0.23000209,Realtime Hops,13.50653,10.4,Fermentor 322017102163068
488,1929999,2017-10-23 12:32:00,0.58538574,Realtime Hops,13.50653,5.6,Fermentor 322017102163068
489,1930444,2017-10-23 19:57:00,0.674231648,Realtime Hops,13.50653,4.4,Fermentor 322017102163068
490,1942314,2017-11-01 01:47:00,0,Kerberos,14.73,0,Fermentor 322017103167566
491,1942659,2017-11-01 07:32:00,0.05642511,Kerberos,14.73121,13.9,Fermentor 322017103167566
492,1942824,2017-11-01 10:17:00,0.08357832,Kerberos,14.73121,13.5,Fermentor 322017103167566
493,1943344,2017-11-01 18:57:00,0.198979557,Kerberos,14.73121,11.8,Fermentor 322017103167566
494,1944204,2017-11-02 09:17:00,0.416205436,Kerberos,14.73121,8.6,Fermentor 322017103167566
495,1944779,2017-11-02 18:52:00,0.5519716,Kerberos,14.73121,6.6,Fermentor 322017103167566
496,1945554,2017-11-03 07:47:00,0.6198547,Kerberos,14.73121,5.6,Fermentor 322017103167566
497,1962675,2017-10-26 05:07:00,0,Alistair,10.75474,0,Fermentor 332017102579565
498,1962825,2017-10-26 07:37:00,0.03298454,Alistair,10.75474,10.4,Fermentor 332017102579565
499,1963195,2017-10-26 13:47:00,0.0980721042,Alistair,10.75474,9.7,Fermentor 332017102579565
500,1963315,2017-10-26 15:47:00,0.135264978,Alistair,10.75474,9.3,Fermentor 332017102579565
501,1963540,2017-10-26 19:32:00,0.2096508,Alistair,10.75474,8.5,Fermentor 332017102579565
502,1964380,2017-10-27 09:32:00,0.5815798,Alistair,10.75474,4.5,Fermentor 332017102579565
503,1964905,2017-10-27 18:17:00,0.693158567,Alistair,10.75474,3.3,Fermentor 332017102579565
504,1986400,2017-11-11 16:32:00,0,Kerberos,14.6819,0,Fermentor 332017111130663
505,1986670,2017-11-11 21:02:00,0.0328227431,Kerberos,14.6819,14.2,Fermentor 332017111130663
506,1987000,2017-11-12 02:32:00,0.134989351,Kerberos,14.6819,12.7,Fermentor 332017111130663
507,1999151,2017-10-31 13:02:00,0,Grey Horse,16.94484,0,Fermentor 342017103121668
508,1999561,2017-10-31 19:52:00,0.114774734,Grey Horse,16.94484,15,Fermentor 342017103121668
509,2000321,2017-11-01 08:32:00,0.3331303,Grey Horse,16.94484,11.3,Fermentor 342017103121668
510,2000941,2017-11-01 18:52:00,0.5219783,Grey Horse,16.94484,8.1,Fermentor 342017103121668
511,2017257,2017-10-24 02:47:00,0,Grey Horse,17.03,0,Fermentor 35201710528265
512,2017682,2017-10-24 09:52:00,0.118163228,Grey Horse,17.00995,15,Fermentor 35201710528265
513,2018282,2017-10-24 19:52:00,0.271014959,Grey Horse,17.00995,12.4,Fermentor 35201710528265
514,2019137,2017-10-25 10:07:00,0.529687047,Grey Horse,17.00995,8,Fermentor 35201710528265
515,2050848,2017-10-27 10:37:00,0,Red Wonder,15.39784,0,Fermentor 362017101114765
516,2051313,2017-10-27 18:22:00,0.1427369,Red Wonder,15.39784,13.2,Fermentor 362017101114765
517,2052063,2017-10-28 06:52:00,0.3440638,Red Wonder,15.39784,10.1,Fermentor 362017101114765
518,2052758,2017-10-28 18:27:00,0.5453908,Red Wonder,15.39784,7,Fermentor 362017101114765
519,2053538,2017-10-29 07:27:00,0.467457771,Red Wonder,15.39784,8.2,Fermentor 362017101114765
520,2054258,2017-10-29 19:27:00,0.7856842,Red Wonder,15.39784,3.3,Fermentor 362017101114765
521,2071193,2017-11-10 13:42:00,0,Realtime Hops,13.50412,0,Fermentor 362017101114765
522,2071608,2017-11-10 20:37:00,0.08176173,Realtime Hops,13.50412,12.4,Fermentor 362017101114765
523,2072093,2017-11-11 04:42:00,0.14840804,Realtime Hops,13.50412,11.5,Fermentor 362017101114765
524,2072338,2017-11-11 08:47:00,0.215054333,Realtime Hops,13.50412,10.6,Fermentor 362017101114765
525,2073078,2017-11-11 21:07:00,0.444613934,Realtime Hops,13.50412,7.5,Fermentor 362017101114765
526,2080198,2017-11-16 19:46:00,0,Realtime Hops,13.5155277,0,Fermentor 312017111642360
527,2131274,2017-11-12 07:00:00,0.134989351,Kerberos,14.6819,12.7,Fermentor 332017111130663
528,2131416,2017-11-12 09:22:00,0.2099115,Kerberos,14.6819,11.6,Fermentor 332017111130663
529,2132146,2017-11-12 21:32:00,0.4142447,Kerberos,14.6819,8.6,Fermentor 332017111130663
530,2132866,2017-11-13 09:32:00,0.59814465,Kerberos,14.6819,5.9,Fermentor 332017111130663
531,2133666,2017-11-13 22:52:00,0.65944463,Kerberos,14.6819,5,Fermentor 332017111130663
532,2143016,2017-11-20 10:42:00,0.0328228064,Kerberos,14.681901,14.2,Fermentor 332017111822261
533,2143346,2017-11-20 16:12:00,0.134989411,Kerberos,14.681901,12.7,Fermentor 332017111822261
534,2143756,2017-11-20 23:02:00,0.209911555,Kerberos,14.681901,11.6,Fermentor 332017111822261
535,2144486,2017-11-21 11:12:00,0.414244771,Kerberos,14.681901,8.6,Fermentor 332017111822261
536,2155426,2017-11-29 01:32:00,0.65944463,Kerberos,14.681901,5,Fermentor 332017111822261
537,2185552,2017-11-29 23:37:00,0,Realtime Hops,0,0,Fermentor 342017103121668
538,2185812,2017-11-30 03:57:00,0.0599420145,Realtime Hops,13.5098047,12.7,Fermentor 342017103121668
539,2186517,2017-11-30 15:42:00,0.244992808,Realtime Hops,13.5098047,10.2,Fermentor 342017103121668
540,2186887,2017-11-30 21:52:00,0.363425255,Realtime Hops,13.5098047,8.6,Fermentor 342017103121668
541,2213028,2017-11-29 01:32:00,0,Red Wonder,15.3979473,0,Fermentor 352017112863062
542,2214408,2017-11-30 00:32:00,0.4090121,Red Wonder,15.3979473,9.1,Fermentor 352017112863062
543,2215318,2017-11-30 15:42:00,0.668787,Red Wonder,15.3979473,5.1,Fermentor 352017112863062
544,2215688,2017-11-30 21:52:00,0.7467195,Red Wonder,15.3979473,3.9,Fermentor 352017112863062
545,2217677,2017-11-12 07:00:00,0.444613934,Realtime Hops,13.50412,7.5,Fermentor 362017101114765
546,2217814,2017-11-12 09:17:00,0.6593632,Realtime Hops,13.50412,4.6,Fermentor 362017101114765
547,2225139,2017-11-17 11:22:00,0.7408199,Realtime Hops,13.5041208,3.5,Fermentor 362017111712061
548,2225554,2017-11-17 18:17:00,0.0817618,Realtime Hops,13.5041208,12.4,Fermentor 362017111712061
549,2226039,2017-11-18 02:22:00,0.1484081,Realtime Hops,13.5041208,11.5,Fermentor 362017111712061
550,2226284,2017-11-18 06:27:00,0.2150544,Realtime Hops,13.5041208,10.6,Fermentor 362017111712061
551,2227954,2017-11-19 10:17:00,0.0817618,Realtime Hops,13.5041208,12.4,Fermentor 362017111712061
552,2228434,2017-11-19 18:17:00,0.1484081,Realtime Hops,13.5041208,11.5,Fermentor 362017111712061
553,2228679,2017-11-19 22:22:00,0.2150544,Realtime Hops,13.5041208,10.6,Fermentor 362017111712061
554,2229419,2017-11-20 10:42:00,0.444613963,Realtime Hops,13.5041208,7.5,Fermentor 362017111712061
555,2230154,2017-11-20 22:57:00,0.65936327,Realtime Hops,13.5041208,4.6,Fermentor 362017111712061
556,2245444,2017-12-01 13:47:00,0,Realtime Hops,13.5041208,0,Fermentor 36201712120761
557,2245864,2017-12-01 20:47:00,0.0817618,Realtime Hops,13.5041208,12.4,Fermentor 36201712120761
558,2246344,2017-12-02 04:47:00,0.1484081,Realtime Hops,13.5041208,11.5,Fermentor 36201712120761
