index,Timestamp,ADF,Brand,FV Full Plato,Plato,Fermentation ID,Elapsed,tdif,adfdif
8888,2017-03-23 11:08:00,0.0,Realtime Hops,13.51553,0,Fermentor 31201732314856,0 days 00:00:00.000000000,0 days 00:00:00.000000000,0.0
9506,2017-03-23 21:26:00,0.104733542,Realtime Hops,13.51553,12.1,Fermentor 31201732314856,0 days 10:18:00.000000000,0 days 10:18:00.000000000,0.104733542
9663,2017-03-24 00:03:00,0.141728014,Realtime Hops,13.51553,11.6,Fermentor 31201732314856,0 days 12:55:00.000000000,0 days 02:37:00.000000000,0.036994472000000014
9837,2017-03-24 02:57:00,0.186121419,Realtime Hops,13.51553,11,Fermentor 31201732314856,0 days 15:49:00.000000000,0 days 02:54:00.000000000,0.044393405
10507,2017-03-24 14:07:00,0.378492743,Realtime Hops,13.51553,8.4,Fermentor 31201732314856,1 days 02:59:00.000000000,0 days 11:10:00.000000000,0.192371324
11111,2017-03-25 00:11:00,0.5782629,Realtime Hops,13.51553,5.7,Fermentor 31201732314856,1 days 13:03:00.000000000,0 days 10:04:00.000000000,0.199770157
11822,2017-03-25 12:02:00,0.71884197,Realtime Hops,13.51553,3.8,Fermentor 31201732314856,2 days 00:54:00.000000000,0 days 11:51:00.000000000,0.14057907000000003
45895,2017-03-29 03:54:00,0.0,Alistair,10.81004,0,FV322016113055113,0 days 00:00:00.000000000,0 days 00:00:00.000000000,0.0
46374,2017-03-29 11:53:00,0.111936688,Alistair,10.81004,9.6,FV322016113055113,0 days 07:59:00.000000000,0 days 07:59:00.000000000,0.111936688
46893,2017-03-29 20:32:00,0.25069657,Alistair,10.81004,8.1,FV322016113055113,0 days 16:38:00.000000000,0 days 08:39:00.000000000,0.138759882
47108,2017-03-30 00:07:00,0.333952546,Alistair,10.81004,7.2,FV322016113055113,0 days 20:13:00.000000000,0 days 03:35:00.000000000,0.08325597600000001
47738,2017-03-30 10:37:00,0.592970967,Alistair,10.81004,4.4,FV322016113055113,1 days 06:43:00.000000000,0 days 10:30:00.000000000,0.25901842099999994
48588,2017-03-31 00:47:00,0.7687335,Alistair,10.81004,2.5,FV322016113055113,1 days 20:53:00.000000000,0 days 14:10:00.000000000,0.175762533
59099,2017-03-18 07:57:00,0.0,Kerberos,14.6819,0,Fermentor 3320173183371,0 days 00:00:00.000000000,0 days 00:00:00.000000000,0.0
59369,2017-03-18 12:27:00,0.0328227431,Kerberos,14.6819,14.2,Fermentor 3320173183371,0 days 04:30:00.000000000,0 days 04:30:00.000000000,0.0328227431
59698,2017-03-18 17:56:00,0.134989351,Kerberos,14.6819,12.7,Fermentor 3320173183371,0 days 09:59:00.000000000,0 days 05:29:00.000000000,0.10216660790000001
60109,2017-03-19 00:47:00,0.2099115,Kerberos,14.6819,11.6,Fermentor 3320173183371,0 days 16:50:00.000000000,0 days 06:51:00.000000000,0.074922149
60838,2017-03-19 12:56:00,0.4142447,Kerberos,14.6819,8.6,Fermentor 3320173183371,1 days 04:59:00.000000000,0 days 12:09:00.000000000,0.20433320000000002
61559,2017-03-20 00:57:00,0.59814465,Kerberos,14.6819,5.9,Fermentor 3320173183371,1 days 17:00:00.000000000,0 days 12:01:00.000000000,0.18389995000000003
62359,2017-03-20 14:17:00,0.65944463,Kerberos,14.6819,5,Fermentor 3320173183371,2 days 06:20:00.000000000,0 days 13:20:00.000000000,0.06129997999999992
82309,2017-04-03 10:47:00,0.0,Kerberos,14.6819,0,Fermentor 3320173183371,0 days 00:00:00.000000000,0 days 00:00:00.000000000,0.0
82579,2017-04-03 15:17:00,0.0328227431,Kerberos,14.6819,14.2,Fermentor 3320173183371,0 days 04:30:00.000000000,0 days 04:30:00.000000000,0.0328227431
82904,2017-04-03 20:42:00,0.134989351,Kerberos,14.6819,12.7,Fermentor 3320173183371,0 days 09:55:00.000000000,0 days 05:25:00.000000000,0.10216660790000001
83314,2017-04-04 03:32:00,0.2099115,Kerberos,14.6819,11.6,Fermentor 3320173183371,0 days 16:45:00.000000000,0 days 06:50:00.000000000,0.074922149
84044,2017-04-04 15:42:00,0.4142447,Kerberos,14.6819,8.6,Fermentor 3320173183371,1 days 04:55:00.000000000,0 days 12:10:00.000000000,0.20433320000000002
84769,2017-04-05 03:47:00,0.59814465,Kerberos,14.6819,5.9,Fermentor 3320173183371,1 days 17:00:00.000000000,0 days 12:05:00.000000000,0.18389995000000003
85569,2017-04-05 17:07:00,0.65944463,Kerberos,14.6819,5,Fermentor 3320173183371,2 days 06:20:00.000000000,0 days 13:20:00.000000000,0.06129997999999992
101579,2017-03-27 19:56:00,0.0,Realtime Hops,0,0,FV342016112860676,0 days 00:00:00.000000000,0 days 00:00:00.000000000,0.0
102166,2017-03-28 05:43:00,0.059941683,Realtime Hops,13.5098,12.7,FV342016112860676,0 days 09:47:00.000000000,0 days 09:47:00.000000000,0.059941683
102872,2017-03-28 17:29:00,0.244992539,Realtime Hops,13.5098,10.2,FV342016112860676,0 days 21:33:00.000000000,0 days 11:46:00.000000000,0.185050856
103243,2017-03-28 23:40:00,0.363425046,Realtime Hops,13.5098,8.6,FV342016112860676,1 days 03:44:00.000000000,0 days 06:11:00.000000000,0.11843250699999996
104085,2017-03-29 13:42:00,0.615094244,Realtime Hops,13.5098,5.2,FV342016112860676,1 days 17:46:00.000000000,0 days 14:02:00.000000000,0.25166919800000004
104705,2017-03-30 00:02:00,0.726124763,Realtime Hops,13.5098,3.7,FV342016112860676,2 days 04:06:00.000000000,0 days 10:20:00.000000000,0.11103051899999994
128541,2017-03-26 13:17:00,0.0,Red Wonder,0,0,Fermentor 35201732622561,0 days 00:00:00.000000000,0 days 00:00:00.000000000,0.0
130758,2017-03-28 02:14:00,0.409012228,Red Wonder,15.39795,9.1,Fermentor 35201732670860,1 days 12:57:00.000000000,1 days 12:57:00.000000000,0.409012228
131668,2017-03-28 17:24:00,0.668787062,Red Wonder,15.39795,5.1,Fermentor 35201732670860,2 days 04:07:00.000000000,0 days 15:10:00.000000000,0.25977483400000007
132039,2017-03-28 23:35:00,0.746719539,Red Wonder,15.39795,3.9,Fermentor 35201732670860,2 days 10:18:00.000000000,0 days 06:11:00.000000000,0.07793247699999994
144005,2017-03-17 07:00:00,0.0,Realtime Hops,13.50412,0,Fermentor 36201731679561,0 days 00:00:00.000000000,0 days 00:00:00.000000000,0.0
144307,2017-03-17 12:02:00,0.08176173,Realtime Hops,13.50412,12.4,Fermentor 36201731679561,0 days 05:02:00.000000000,0 days 05:02:00.000000000,0.08176173
144788,2017-03-17 20:03:00,0.14840804,Realtime Hops,13.50412,11.5,Fermentor 36201731679561,0 days 13:03:00.000000000,0 days 08:01:00.000000000,0.06664630999999999
145037,2017-03-18 00:12:00,0.215054333,Realtime Hops,13.50412,10.6,Fermentor 36201731679561,0 days 17:12:00.000000000,0 days 04:09:00.000000000,0.066646293
145772,2017-03-18 12:27:00,0.444613934,Realtime Hops,13.50412,7.5,Fermentor 36201731679561,1 days 05:27:00.000000000,0 days 12:15:00.000000000,0.229559601
146508,2017-03-19 00:43:00,0.6593632,Realtime Hops,13.50412,4.6,Fermentor 36201731679561,1 days 17:43:00.000000000,0 days 12:16:00.000000000,0.21474926600000005
164022,2017-03-31 04:37:00,0.0,Grey Horse,17.06881,0,Fermentor 36201733077771,0 days 00:00:00.000000000,0 days 00:00:00.000000000,0.0
164697,2017-03-31 15:52:00,0.156355947,Grey Horse,17.06881,14.4,Fermentor 36201733077771,0 days 11:15:00.000000000,0 days 11:15:00.000000000,0.156355947
165687,2017-04-01 08:22:00,0.0,Realtime Hops,13.50412,0,Fermentor 362017414861,0 days 00:00:00.000000000,0 days 00:00:00.000000000,0.0
167512,2017-04-02 14:47:00,0.08176173,Realtime Hops,13.50412,12.4,Fermentor 362017423070,1 days 06:25:00.000000000,1 days 06:25:00.000000000,0.08176173
167997,2017-04-02 22:52:00,0.14840804,Realtime Hops,13.50412,11.5,Fermentor 362017423070,1 days 14:30:00.000000000,0 days 08:05:00.000000000,0.06664630999999999
168242,2017-04-03 02:57:00,0.215054333,Realtime Hops,13.50412,10.6,Fermentor 362017423070,1 days 18:35:00.000000000,0 days 04:05:00.000000000,0.066646293
168982,2017-04-03 15:17:00,0.444613934,Realtime Hops,13.50412,7.5,Fermentor 362017423070,2 days 06:55:00.000000000,0 days 12:20:00.000000000,0.229559601
169717,2017-04-04 03:32:00,0.6593632,Realtime Hops,13.50412,4.6,Fermentor 362017423070,2 days 19:10:00.000000000,0 days 12:15:00.000000000,0.21474926600000005
176103,2017-04-08 13:57:00,0.0,Realtime Hops,13.51553,0,Fermentor 3120174824961,0 days 00:00:00.000000000,0 days 00:00:00.000000000,0.0
176724,2017-04-09 00:18:00,0.104733542,Realtime Hops,13.51553,12.1,Fermentor 3120174824961,0 days 10:21:00.000000000,0 days 10:21:00.000000000,0.104733542
176876,2017-04-09 02:50:00,0.141728014,Realtime Hops,13.51553,11.6,Fermentor 3120174824961,0 days 12:53:00.000000000,0 days 02:32:00.000000000,0.036994472000000014
177048,2017-04-09 05:42:00,0.186121419,Realtime Hops,13.51553,11,Fermentor 3120174824961,0 days 15:45:00.000000000,0 days 02:52:00.000000000,0.044393405
177718,2017-04-09 16:52:00,0.378492743,Realtime Hops,13.51553,8.4,Fermentor 3120174824961,1 days 02:55:00.000000000,0 days 11:10:00.000000000,0.192371324
178324,2017-04-10 02:58:00,0.5782629,Realtime Hops,13.51553,5.7,Fermentor 3120174824961,1 days 13:01:00.000000000,0 days 10:06:00.000000000,0.199770157
179033,2017-04-10 14:47:00,0.71884197,Realtime Hops,13.51553,3.8,Fermentor 3120174824961,2 days 00:50:00.000000000,0 days 11:49:00.000000000,0.14057907000000003
191378,2017-04-19 04:32:00,0.0,Realtime Hops,13.51553,0,Fermentor 3120174824961,0 days 00:00:00.000000000,0 days 00:00:00.000000000,0.0
191998,2017-04-19 14:52:00,0.104733542,Realtime Hops,13.51553,12.1,Fermentor 3120174824961,0 days 10:20:00.000000000,0 days 10:20:00.000000000,0.104733542
192148,2017-04-19 17:22:00,0.141728014,Realtime Hops,13.51553,11.6,Fermentor 3120174824961,0 days 12:50:00.000000000,0 days 02:30:00.000000000,0.036994472000000014
192328,2017-04-19 20:22:00,0.186121419,Realtime Hops,13.51553,11,Fermentor 3120174824961,0 days 15:50:00.000000000,0 days 03:00:00.000000000,0.044393405
192993,2017-04-20 07:27:00,0.378492743,Realtime Hops,13.51553,8.4,Fermentor 3120174824961,1 days 02:55:00.000000000,0 days 11:05:00.000000000,0.192371324
193903,2017-04-20 22:37:00,0.5782629,Realtime Hops,13.51553,5.7,Fermentor 3120174824961,1 days 18:05:00.000000000,0 days 15:10:00.000000000,0.199770157
194308,2017-04-21 05:22:00,0.71884197,Realtime Hops,13.51553,3.8,Fermentor 3120174824961,2 days 00:50:00.000000000,0 days 06:45:00.000000000,0.14057907000000003
241585,2017-04-14 01:17:00,0.0,Kerberos,14.6819,0,Fermentor 3320173183371,0 days 00:00:00.000000000,0 days 00:00:00.000000000,0.0
241855,2017-04-14 05:47:00,0.0328227431,Kerberos,14.6819,14.2,Fermentor 3320173183371,0 days 04:30:00.000000000,0 days 04:30:00.000000000,0.0328227431
242185,2017-04-14 11:17:00,0.134989351,Kerberos,14.6819,12.7,Fermentor 3320173183371,0 days 10:00:00.000000000,0 days 05:30:00.000000000,0.10216660790000001
242595,2017-04-14 18:07:00,0.2099115,Kerberos,14.6819,11.6,Fermentor 3320173183371,0 days 16:50:00.000000000,0 days 06:50:00.000000000,0.074922149
243325,2017-04-15 06:17:00,0.4142447,Kerberos,14.6819,8.6,Fermentor 3320173183371,1 days 05:00:00.000000000,0 days 12:10:00.000000000,0.20433320000000002
244045,2017-04-15 18:17:00,0.59814465,Kerberos,14.6819,5.9,Fermentor 3320173183371,1 days 17:00:00.000000000,0 days 12:00:00.000000000,0.18389995000000003
244850,2017-04-16 07:42:00,0.65944463,Kerberos,14.6819,5,Fermentor 3320173183371,2 days 06:25:00.000000000,0 days 13:25:00.000000000,0.06129997999999992
284066,2017-04-23 13:17:00,0.0,Realtime Hops,0,0,Fermentor 34201742322561,0 days 00:00:00.000000000,0 days 00:00:00.000000000,0.0
284651,2017-04-23 23:02:00,0.059941683,Realtime Hops,13.5098,12.7,Fermentor 34201742322561,0 days 09:45:00.000000000,0 days 09:45:00.000000000,0.059941683
285356,2017-04-24 10:47:00,0.244992539,Realtime Hops,13.5098,10.2,Fermentor 34201742322561,0 days 21:30:00.000000000,0 days 11:45:00.000000000,0.185050856
285731,2017-04-24 17:02:00,0.363425046,Realtime Hops,13.5098,8.6,Fermentor 34201742322561,1 days 03:45:00.000000000,0 days 06:15:00.000000000,0.11843250699999996
295757,2017-04-11 16:07:00,0.0,Red Wonder,0,0,Fermentor 35201741132801,0 days 00:00:00.000000000,0 days 00:00:00.000000000,0.0
313247,2017-04-23 19:37:00,0.409012228,Red Wonder,15.39795,9.1,Fermentor 35201742246864,12 days 03:30:00.000000000,12 days 03:30:00.000000000,0.409012228
314157,2017-04-24 10:47:00,0.668787062,Red Wonder,15.39795,5.1,Fermentor 35201742246864,12 days 18:40:00.000000000,0 days 15:10:00.000000000,0.25977483400000007
314527,2017-04-24 16:57:00,0.746719539,Red Wonder,15.39795,3.9,Fermentor 35201742246864,13 days 00:50:00.000000000,0 days 06:10:00.000000000,0.07793247699999994
326378,2017-04-12 22:27:00,0.0,Realtime Hops,13.50412,0,Fermentor 362017423070,0 days 00:00:00.000000000,0 days 00:00:00.000000000,0.0
326793,2017-04-13 05:22:00,0.08176173,Realtime Hops,13.50412,12.4,Fermentor 362017423070,0 days 06:55:00.000000000,0 days 06:55:00.000000000,0.08176173
327279,2017-04-13 13:28:00,0.14840804,Realtime Hops,13.50412,11.5,Fermentor 362017423070,0 days 15:01:00.000000000,0 days 08:06:00.000000000,0.06664630999999999
327523,2017-04-13 17:32:00,0.215054333,Realtime Hops,13.50412,10.6,Fermentor 362017423070,0 days 19:05:00.000000000,0 days 04:04:00.000000000,0.066646293
328263,2017-04-14 05:52:00,0.444613934,Realtime Hops,13.50412,7.5,Fermentor 362017423070,1 days 07:25:00.000000000,0 days 12:20:00.000000000,0.229559601
328993,2017-04-14 18:02:00,0.6593632,Realtime Hops,13.50412,4.6,Fermentor 362017423070,1 days 19:35:00.000000000,0 days 12:10:00.000000000,0.21474926600000005
344263,2017-04-25 08:32:00,0.0,Realtime Hops,13.50412,0,Fermentor 3620174255465,0 days 00:00:00.000000000,0 days 00:00:00.000000000,0.0
345553,2017-04-26 06:02:00,0.08176173,Realtime Hops,13.50412,12.4,Fermentor 36201742557961,0 days 21:30:00.000000000,0 days 21:30:00.000000000,0.08176173
354144,2017-05-02 05:12:00,0.0,Realtime Hops,13.51553,0,Fermentor 3120175179865,0 days 00:00:00.000000000,0 days 00:00:00.000000000,0.0
354764,2017-05-02 15:32:00,0.104733542,Realtime Hops,13.51553,12.1,Fermentor 3120175179865,0 days 10:20:00.000000000,0 days 10:20:00.000000000,0.104733542
354914,2017-05-02 18:02:00,0.141728014,Realtime Hops,13.51553,11.6,Fermentor 3120175179865,0 days 12:50:00.000000000,0 days 02:30:00.000000000,0.036994472000000014
355089,2017-05-02 20:57:00,0.186121419,Realtime Hops,13.51553,11,Fermentor 3120175179865,0 days 15:45:00.000000000,0 days 02:55:00.000000000,0.044393405
355759,2017-05-03 08:07:00,0.378492743,Realtime Hops,13.51553,8.4,Fermentor 3120175179865,1 days 02:55:00.000000000,0 days 11:10:00.000000000,0.192371324
356364,2017-05-03 18:12:00,0.5782629,Realtime Hops,13.51553,5.7,Fermentor 3120175179865,1 days 13:00:00.000000000,0 days 10:05:00.000000000,0.199770157
357074,2017-05-04 06:02:00,0.71884197,Realtime Hops,13.51553,3.8,Fermentor 3120175179865,2 days 00:50:00.000000000,0 days 11:50:00.000000000,0.14057907000000003
391125,2017-05-07 21:32:00,0.0,Alistair,10.81004,0,Fermentor 3220175752262,0 days 00:00:00.000000000,0 days 00:00:00.000000000,0.0
391625,2017-05-08 05:52:00,0.111936688,Alistair,10.81004,9.6,Fermentor 3220175752262,0 days 08:20:00.000000000,0 days 08:20:00.000000000,0.111936688
392150,2017-05-08 14:37:00,0.25069657,Alistair,10.81004,8.1,Fermentor 3220175752262,0 days 17:05:00.000000000,0 days 08:45:00.000000000,0.138759882
392360,2017-05-08 18:07:00,0.333952546,Alistair,10.81004,7.2,Fermentor 3220175752262,0 days 20:35:00.000000000,0 days 03:30:00.000000000,0.08325597600000001
392995,2017-05-09 04:42:00,0.592970967,Alistair,10.81004,4.4,Fermentor 3220175752262,1 days 07:10:00.000000000,0 days 10:35:00.000000000,0.25901842099999994
393845,2017-05-09 18:52:00,0.7687335,Alistair,10.81004,2.5,Fermentor 3220175752262,1 days 21:20:00.000000000,0 days 14:10:00.000000000,0.175762533
404356,2017-04-27 02:02:00,0.0,Kerberos,14.6819,0,Fermentor 33201742668461,0 days 00:00:00.000000000,0 days 00:00:00.000000000,0.0
404626,2017-04-27 06:32:00,0.0328227431,Kerberos,14.6819,14.2,Fermentor 33201742668461,0 days 04:30:00.000000000,0 days 04:30:00.000000000,0.0328227431
404951,2017-04-27 11:57:00,0.134989351,Kerberos,14.6819,12.7,Fermentor 33201742668461,0 days 09:55:00.000000000,0 days 05:25:00.000000000,0.10216660790000001
405361,2017-04-27 18:47:00,0.2099115,Kerberos,14.6819,11.6,Fermentor 33201742668461,0 days 16:45:00.000000000,0 days 06:50:00.000000000,0.074922149
406091,2017-04-28 06:57:00,0.4142447,Kerberos,14.6819,8.6,Fermentor 33201742668461,1 days 04:55:00.000000000,0 days 12:10:00.000000000,0.20433320000000002
406816,2017-04-28 19:02:00,0.59814465,Kerberos,14.6819,5.9,Fermentor 33201742668461,1 days 17:00:00.000000000,0 days 12:05:00.000000000,0.18389995000000003
407616,2017-04-29 08:22:00,0.65944463,Kerberos,14.6819,5,Fermentor 33201742668461,2 days 06:20:00.000000000,0 days 13:20:00.000000000,0.06129997999999992
425956,2017-05-12 02:02:00,0.0,Kerberos,14.6819,0,Fermentor 33201751168462,0 days 00:00:00.000000000,0 days 00:00:00.000000000,0.0
426226,2017-05-12 06:32:00,0.0328227431,Kerberos,14.6819,14.2,Fermentor 33201751168462,0 days 04:30:00.000000000,0 days 04:30:00.000000000,0.0328227431
426556,2017-05-12 12:02:00,0.134989351,Kerberos,14.6819,12.7,Fermentor 33201751168462,0 days 10:00:00.000000000,0 days 05:30:00.000000000,0.10216660790000001
426961,2017-05-12 18:47:00,0.2099115,Kerberos,14.6819,11.6,Fermentor 33201751168462,0 days 16:45:00.000000000,0 days 06:45:00.000000000,0.074922149
427691,2017-05-13 06:57:00,0.4142447,Kerberos,14.6819,8.6,Fermentor 33201751168462,1 days 04:55:00.000000000,0 days 12:10:00.000000000,0.20433320000000002
428416,2017-05-13 19:02:00,0.59814465,Kerberos,14.6819,5.9,Fermentor 33201751168462,1 days 17:00:00.000000000,0 days 12:05:00.000000000,0.18389995000000003
429216,2017-05-14 08:22:00,0.65944463,Kerberos,14.6819,5,Fermentor 33201751168462,2 days 06:20:00.000000000,0 days 13:20:00.000000000,0.06129997999999992
446831,2017-05-06 13:56:00,0.0,Realtime Hops,0,0,Fermentor 3420175624960,0 days 00:00:00.000000000,0 days 00:00:00.000000000,0.0
447417,2017-05-06 23:42:00,0.059941683,Realtime Hops,13.5098,12.7,Fermentor 3420175624960,0 days 09:46:00.000000000,0 days 09:46:00.000000000,0.059941683
448122,2017-05-07 11:27:00,0.244992539,Realtime Hops,13.5098,10.2,Fermentor 3420175624960,0 days 21:31:00.000000000,0 days 11:45:00.000000000,0.185050856
448497,2017-05-07 17:42:00,0.363425046,Realtime Hops,13.5098,8.6,Fermentor 3420175624960,1 days 03:46:00.000000000,0 days 06:15:00.000000000,0.11843250699999996
449337,2017-05-08 07:42:00,0.615094244,Realtime Hops,13.5098,5.2,Fermentor 3420175624960,1 days 17:46:00.000000000,0 days 14:00:00.000000000,0.25166919800000004
449957,2017-05-08 18:02:00,0.726124763,Realtime Hops,13.5098,3.7,Fermentor 3420175624960,2 days 04:06:00.000000000,0 days 10:20:00.000000000,0.11103051899999994
473798,2017-05-05 07:22:00,0.0,Red Wonder,0,0,Fermentor 352017551261,0 days 00:00:00.000000000,0 days 00:00:00.000000000,0.0
476013,2017-05-06 20:17:00,0.409012228,Red Wonder,15.39795,9.1,Fermentor 3520175549261,1 days 12:55:00.000000000,1 days 12:55:00.000000000,0.409012228
476923,2017-05-07 11:27:00,0.668787062,Red Wonder,15.39795,5.1,Fermentor 3520175549261,2 days 04:05:00.000000000,0 days 15:10:00.000000000,0.25977483400000007
477293,2017-05-07 17:37:00,0.746719539,Red Wonder,15.39795,3.9,Fermentor 3520175549261,2 days 10:15:00.000000000,0 days 06:10:00.000000000,0.07793247699999994
489617,2017-04-26 07:00:00,0.08176173,Realtime Hops,13.50412,12.4,Fermentor 36201742557961,-10 days +23:38:00.000000000,-12 days +13:23:00.000000000,-0.664957809
490044,2017-04-26 14:07:00,0.14840804,Realtime Hops,13.50412,11.5,Fermentor 36201742557961,-9 days +06:45:00.000000000,0 days 07:07:00.000000000,0.06664630999999999
490289,2017-04-26 18:12:00,0.215054333,Realtime Hops,13.50412,10.6,Fermentor 36201742557961,-9 days +10:50:00.000000000,0 days 04:05:00.000000000,0.066646293
491029,2017-04-27 06:32:00,0.444613934,Realtime Hops,13.50412,7.5,Fermentor 36201742557961,-9 days +23:10:00.000000000,0 days 12:20:00.000000000,0.229559601
491759,2017-04-27 18:42:00,0.6593632,Realtime Hops,13.50412,4.6,Fermentor 36201742557961,-8 days +11:20:00.000000000,0 days 12:10:00.000000000,0.21474926600000005
509279,2017-05-09 22:42:00,0.0,Grey Horse,17.06881,0,Fermentor 3620175956462,0 days 00:00:00.000000000,0 days 00:00:00.000000000,0.0
509954,2017-05-10 09:57:00,0.156355947,Grey Horse,17.06881,14.4,Fermentor 3620175956462,0 days 11:15:00.000000000,0 days 11:15:00.000000000,0.156355947
510744,2017-05-10 23:07:00,0.0,Realtime Hops,13.50412,0,Fermentor 36201751057962,0 days 00:00:00.000000000,0 days 00:00:00.000000000,0.0
511164,2017-05-11 06:07:00,0.08176173,Realtime Hops,13.50412,12.4,Fermentor 36201751057962,0 days 07:00:00.000000000,0 days 07:00:00.000000000,0.08176173
511644,2017-05-11 14:07:00,0.14840804,Realtime Hops,13.50412,11.5,Fermentor 36201751057962,0 days 15:00:00.000000000,0 days 08:00:00.000000000,0.06664630999999999
511889,2017-05-11 18:12:00,0.215054333,Realtime Hops,13.50412,10.6,Fermentor 36201751057962,0 days 19:05:00.000000000,0 days 04:05:00.000000000,0.066646293
512629,2017-05-12 06:32:00,0.444613934,Realtime Hops,13.50412,7.5,Fermentor 36201751057962,1 days 07:25:00.000000000,0 days 12:20:00.000000000,0.229559601
513364,2017-05-12 18:47:00,0.6593632,Realtime Hops,13.50412,4.6,Fermentor 36201751057962,1 days 19:40:00.000000000,0 days 12:15:00.000000000,0.21474926600000005
519750,2017-05-17 05:12:00,0.0,Realtime Hops,13.51553,0,Fermentor 31201751679861,0 days 00:00:00.000000000,0 days 00:00:00.000000000,0.0
520370,2017-05-17 15:32:00,0.104733542,Realtime Hops,13.51553,12.1,Fermentor 31201751679861,0 days 10:20:00.000000000,0 days 10:20:00.000000000,0.104733542
520520,2017-05-17 18:02:00,0.141728014,Realtime Hops,13.51553,11.6,Fermentor 31201751679861,0 days 12:50:00.000000000,0 days 02:30:00.000000000,0.036994472000000014
520700,2017-05-17 21:02:00,0.186121419,Realtime Hops,13.51553,11,Fermentor 31201751679861,0 days 15:50:00.000000000,0 days 03:00:00.000000000,0.044393405
521365,2017-05-18 08:07:00,0.378492743,Realtime Hops,13.51553,8.4,Fermentor 31201751679861,1 days 02:55:00.000000000,0 days 11:05:00.000000000,0.192371324
521974,2017-05-18 18:16:00,0.5782629,Realtime Hops,13.51553,5.7,Fermentor 31201751679861,1 days 13:04:00.000000000,0 days 10:09:00.000000000,0.199770157
522684,2017-05-19 06:06:00,0.71884197,Realtime Hops,13.51553,3.8,Fermentor 31201751679861,2 days 00:54:00.000000000,0 days 11:50:00.000000000,0.14057907000000003
538294,2017-05-30 02:16:00,0.0,Realtime Hops,13.50309,0,Fermentor 31201752969360,0 days 00:00:00.000000000,0 days 00:00:00.000000000,0.0
538510,2017-05-30 05:52:00,0.04466313,Realtime Hops,13.50309,12.9,Fermentor 31201752969360,0 days 03:36:00.000000000,0 days 03:36:00.000000000,0.04466313
538669,2017-05-30 08:31:00,0.06688021,Realtime Hops,13.50309,12.6,Fermentor 31201752969360,0 days 06:15:00.000000000,0 days 02:39:00.000000000,0.022217079999999993
538974,2017-05-30 13:36:00,0.111314513,Realtime Hops,13.50309,12,Fermentor 31201752969360,0 days 11:20:00.000000000,0 days 05:05:00.000000000,0.04443430300000001
539225,2017-05-30 17:47:00,0.163154483,Realtime Hops,13.50309,11.3,Fermentor 31201752969360,0 days 15:31:00.000000000,0 days 04:11:00.000000000,0.051839969999999985
540259,2017-05-31 11:01:00,0.489005834,Realtime Hops,13.50309,6.9,Fermentor 31201752969360,1 days 08:45:00.000000000,0 days 17:14:00.000000000,0.32585135099999996
540700,2017-05-31 18:22:00,0.637120068,Realtime Hops,13.50309,4.9,Fermentor 31201752969360,1 days 16:06:00.000000000,0 days 07:21:00.000000000,0.148114234
541445,2017-06-01 06:47:00,0.7333944,Realtime Hops,13.50309,3.6,Fermentor 31201752969360,2 days 04:31:00.000000000,0 days 12:25:00.000000000,0.09627433200000002
556731,2017-05-22 21:32:00,0.0,Alistair,10.81004,0,Fermentor 32201752252261,0 days 00:00:00.000000000,0 days 00:00:00.000000000,0.0
557231,2017-05-23 05:52:00,0.111936688,Alistair,10.81004,9.6,Fermentor 32201752252261,0 days 08:20:00.000000000,0 days 08:20:00.000000000,0.111936688
557755,2017-05-23 14:36:00,0.25069657,Alistair,10.81004,8.1,Fermentor 32201752252261,0 days 17:04:00.000000000,0 days 08:44:00.000000000,0.138759882
557965,2017-05-23 18:06:00,0.333952546,Alistair,10.81004,7.2,Fermentor 32201752252261,0 days 20:34:00.000000000,0 days 03:30:00.000000000,0.08325597600000001
558601,2017-05-24 04:42:00,0.592970967,Alistair,10.81004,4.4,Fermentor 32201752252261,1 days 07:10:00.000000000,0 days 10:36:00.000000000,0.25901842099999994
559451,2017-05-24 18:52:00,0.7687335,Alistair,10.81004,2.5,Fermentor 32201752252261,1 days 21:20:00.000000000,0 days 14:10:00.000000000,0.175762533
572751,2017-06-03 00:32:00,0.0,Kennedy,16.49203,0,Fermentor 3220176263063,0 days 00:00:00.000000000,0 days 00:00:00.000000000,0.0
573216,2017-06-03 08:17:00,0.114723831,Kennedy,16.49203,14.6,Fermentor 3220176263063,0 days 07:45:00.000000000,0 days 07:45:00.000000000,0.114723831
573881,2017-06-03 19:22:00,0.290566385,Kennedy,16.49203,11.7,Fermentor 3220176263063,0 days 18:50:00.000000000,0 days 11:05:00.000000000,0.17584255399999998
574686,2017-06-04 08:47:00,0.5573619,Kennedy,16.49203,7.3,Fermentor 3220176263063,1 days 08:15:00.000000000,0 days 13:25:00.000000000,0.266795515
591122,2017-05-26 18:42:00,0.0,Kennedy,0,0,Fermentor 33201752642061,0 days 00:00:00.000000000,0 days 00:00:00.000000000,0.0
591881,2017-05-27 07:21:00,0.176556081,Kennedy,16.516,13.6,Fermentor 33201752642061,0 days 12:39:00.000000000,0 days 12:39:00.000000000,0.176556081
592546,2017-05-27 18:26:00,0.382417083,Kennedy,16.516,10.2,Fermentor 33201752642061,0 days 23:44:00.000000000,0 days 11:05:00.000000000,0.205861002
612443,2017-05-21 14:02:00,0.0,Realtime Hops,0,0,Fermentor 34201752125261,0 days 00:00:00.000000000,0 days 00:00:00.000000000,0.0
613023,2017-05-21 23:42:00,0.059941683,Realtime Hops,13.5098,12.7,Fermentor 34201752125261,0 days 09:40:00.000000000,0 days 09:40:00.000000000,0.059941683
613733,2017-05-22 11:32:00,0.244992539,Realtime Hops,13.5098,10.2,Fermentor 34201752125261,0 days 21:30:00.000000000,0 days 11:50:00.000000000,0.185050856
614103,2017-05-22 17:42:00,0.363425046,Realtime Hops,13.5098,8.6,Fermentor 34201752125261,1 days 03:40:00.000000000,0 days 06:10:00.000000000,0.11843250699999996
614943,2017-05-23 07:42:00,0.615094244,Realtime Hops,13.5098,5.2,Fermentor 34201752125261,1 days 17:40:00.000000000,0 days 14:00:00.000000000,0.25166919800000004
615567,2017-05-23 18:06:00,0.726124763,Realtime Hops,13.5098,3.7,Fermentor 34201752125261,2 days 04:04:00.000000000,0 days 10:24:00.000000000,0.11103051899999994
633408,2017-06-05 03:27:00,0.0,Hop-Scotch,13.71829,0,Fermentor 3420176473562,0 days 00:00:00.000000000,0 days 00:00:00.000000000,0.0
633553,2017-06-05 05:52:00,0.04507048,Hop-Scotch,13.71829,13.1,Fermentor 3420176473562,0 days 02:25:00.000000000,0 days 02:25:00.000000000,0.04507048
640204,2017-05-20 20:42:00,0.0,Red Wonder,15.39795,0,Fermentor 35201752049261,0 days 00:00:00.000000000,0 days 00:00:00.000000000,0.0
641619,2017-05-21 20:17:00,0.409012228,Red Wonder,15.39795,9.1,Fermentor 35201752049261,0 days 23:35:00.000000000,0 days 23:35:00.000000000,0.409012228
642534,2017-05-22 11:32:00,0.668787062,Red Wonder,15.39795,5.1,Fermentor 35201752049261,1 days 14:50:00.000000000,0 days 15:15:00.000000000,0.25977483400000007
642904,2017-05-22 17:42:00,0.746719539,Red Wonder,15.39795,3.9,Fermentor 35201752049261,1 days 21:00:00.000000000,0 days 06:10:00.000000000,0.07793247699999994
657089,2017-06-01 14:07:00,0.0,5450,0,0,Fermentor 3520176125561,0 days 00:00:00.000000000,0 days 00:00:00.000000000,0.0
658164,2017-06-02 08:02:00,0.301855057,5450,14.89662,10.4,Fermentor 3520176125561,0 days 17:55:00.000000000,0 days 17:55:00.000000000,0.301855057
658304,2017-06-02 10:22:00,0.328706771,5450,14.89662,10,Fermentor 3520176125561,0 days 20:15:00.000000000,0 days 02:20:00.000000000,0.026851714000000027
658794,2017-06-02 18:32:00,0.509955943,5450,14.89662,7.3,Fermentor 3520176125561,1 days 04:25:00.000000000,0 days 08:10:00.000000000,0.18124917200000001
659619,2017-06-03 08:17:00,0.738195658,5450,14.89662,3.9,Fermentor 3520176125561,1 days 18:10:00.000000000,0 days 13:45:00.000000000,0.22823971499999995
674885,2017-05-24 22:42:00,0.0,Grey Horse,17.06881,0,Fermentor 36201752456466,0 days 00:00:00.000000000,0 days 00:00:00.000000000,0.0
675560,2017-05-25 09:57:00,0.156355947,Grey Horse,17.06881,14.4,Fermentor 36201752456466,0 days 11:15:00.000000000,0 days 11:15:00.000000000,0.156355947
676150,2017-05-25 19:47:00,0.2911046,Grey Horse,17.06881,12.1,Fermentor 36201752456466,0 days 21:05:00.000000000,0 days 09:50:00.000000000,0.134748653
676945,2017-05-26 09:02:00,0.472722441,Grey Horse,17.06881,9,Fermentor 36201752456466,1 days 10:20:00.000000000,0 days 13:15:00.000000000,0.181617841
677520,2017-05-26 18:37:00,0.6133298,Grey Horse,17.06881,6.6,Fermentor 36201752456466,1 days 19:55:00.000000000,0 days 09:35:00.000000000,0.14060735900000004
701071,2017-06-12 03:07:00,0.0,Grey Horse,16.75188,0,Fermentor 31201761172361,0 days 00:00:00.000000000,0 days 00:00:00.000000000,0.0
701731,2017-06-12 14:07:00,0.1463645,Grey Horse,16.75188,14.3,Fermentor 31201761172361,0 days 11:00:00.000000000,0 days 11:00:00.000000000,0.1463645
702146,2017-06-12 21:02:00,0.2538151,Grey Horse,16.75188,12.5,Fermentor 31201761172361,0 days 17:55:00.000000000,0 days 06:55:00.000000000,0.10745060000000001
702796,2017-06-13 07:52:00,0.4567774,Grey Horse,16.75188,9.1,Fermentor 31201761172361,1 days 04:45:00.000000000,0 days 10:50:00.000000000,0.20296229999999998
714201,2017-06-21 05:57:00,0.0,Realtime Hops,13.51553,0,Fermentor 31201762082561,0 days 00:00:00.000000000,0 days 00:00:00.000000000,0.0
714821,2017-06-21 16:17:00,0.104733542,Realtime Hops,13.51553,12.1,Fermentor 31201762082561,0 days 10:20:00.000000000,0 days 10:20:00.000000000,0.104733542
714976,2017-06-21 18:52:00,0.141728014,Realtime Hops,13.51553,11.6,Fermentor 31201762082561,0 days 12:55:00.000000000,0 days 02:35:00.000000000,0.036994472000000014
715151,2017-06-21 21:47:00,0.186121419,Realtime Hops,13.51553,11,Fermentor 31201762082561,0 days 15:50:00.000000000,0 days 02:55:00.000000000,0.044393405
715821,2017-06-22 08:57:00,0.378492743,Realtime Hops,13.51553,8.4,Fermentor 31201762082561,1 days 03:00:00.000000000,0 days 11:10:00.000000000,0.192371324
716426,2017-06-22 19:02:00,0.5782629,Realtime Hops,13.51553,5.7,Fermentor 31201762082561,1 days 13:05:00.000000000,0 days 10:05:00.000000000,0.199770157
717136,2017-06-23 06:52:00,0.71884197,Realtime Hops,13.51553,3.8,Fermentor 31201762082561,2 days 00:55:00.000000000,0 days 11:50:00.000000000,0.14057907000000003
756698,2017-06-10 18:12:00,0.0,Red Wonder,15.39917,0,Fermentor 33201761040261,0 days 00:00:00.000000000,0 days 00:00:00.000000000,0.0
756738,2017-06-10 18:52:00,0.07787239,Red Wonder,15.39917,14.2,Fermentor 33201761040261,0 days 00:40:00.000000000,0 days 00:40:00.000000000,0.07787239
757468,2017-06-11 07:02:00,0.246712625,Red Wonder,15.39917,11.6,Fermentor 33201761040261,0 days 12:50:00.000000000,0 days 12:10:00.000000000,0.168840235
758128,2017-06-11 18:02:00,0.44152832,Red Wonder,15.39917,8.6,Fermentor 33201761040261,0 days 23:50:00.000000000,0 days 11:00:00.000000000,0.19481569499999998
759333,2017-06-12 14:07:00,0.766221166,Red Wonder,15.39917,3.6,Fermentor 33201761040261,1 days 19:55:00.000000000,0 days 20:05:00.000000000,0.32469284600000003
764413,2017-06-16 02:47:00,0.0,Kerberos,14.6819,0,Fermentor 33201761571162,0 days 00:00:00.000000000,0 days 00:00:00.000000000,0.0
764683,2017-06-16 07:17:00,0.0328227431,Kerberos,14.6819,14.2,Fermentor 33201761571162,0 days 04:30:00.000000000,0 days 04:30:00.000000000,0.0328227431
765013,2017-06-16 12:47:00,0.134989351,Kerberos,14.6819,12.7,Fermentor 33201761571162,0 days 10:00:00.000000000,0 days 05:30:00.000000000,0.10216660790000001
765423,2017-06-16 19:37:00,0.2099115,Kerberos,14.6819,11.6,Fermentor 33201761571162,0 days 16:50:00.000000000,0 days 06:50:00.000000000,0.074922149
766153,2017-06-17 07:47:00,0.4142447,Kerberos,14.6819,8.6,Fermentor 33201761571162,1 days 05:00:00.000000000,0 days 12:10:00.000000000,0.20433320000000002
766873,2017-06-17 19:47:00,0.59814465,Kerberos,14.6819,5.9,Fermentor 33201761571162,1 days 17:00:00.000000000,0 days 12:00:00.000000000,0.18389995000000003
767673,2017-06-18 09:07:00,0.65944463,Kerberos,14.6819,5,Fermentor 33201761571162,2 days 06:20:00.000000000,0 days 13:20:00.000000000,0.06129997999999992
777627,2017-06-05 07:00:00,0.04507048,Hop-Scotch,13.71829,13.1,Fermentor 3420176473562,-11 days +04:13:00.000000000,-14 days +21:53:00.000000000,-0.61437415
778454,2017-06-05 20:47:00,0.256467134,Hop-Scotch,13.71829,10.2,Fermentor 3420176473562,-11 days +18:00:00.000000000,0 days 13:47:00.000000000,0.211396654
779099,2017-06-06 07:32:00,0.489732325,Hop-Scotch,13.71829,7,Fermentor 3420176473562,-10 days +04:45:00.000000000,0 days 10:45:00.000000000,0.23326519100000004
833855,2017-06-24 08:07:00,0.0,Red Wonder,0,0,Fermentor 3520176243961,0 days 00:00:00.000000000,0 days 00:00:00.000000000,0.0
838786,2017-06-07 18:17:00,0.08215933,Realtime Hops,13.50997,12.4,Fermentor 3620176712361,-17 days +10:10:00.000000000,-17 days +10:10:00.000000000,0.08215933
839041,2017-06-07 22:32:00,0.12657094,Realtime Hops,13.50997,11.8,Fermentor 3620176712361,-17 days +14:25:00.000000000,0 days 04:15:00.000000000,0.04441160999999999
839131,2017-06-08 00:02:00,0.14877677,Realtime Hops,13.50997,11.5,Fermentor 3620176712361,-17 days +15:55:00.000000000,0 days 01:30:00.000000000,0.02220583000000001
839741,2017-06-08 10:12:00,0.311619461,Realtime Hops,13.50997,9.3,Fermentor 3620176712361,-16 days +02:05:00.000000000,0 days 10:10:00.000000000,0.16284269099999998
840331,2017-06-08 20:02:00,0.467060268,Realtime Hops,13.50997,7.2,Fermentor 3620176712361,-16 days +11:55:00.000000000,0 days 09:50:00.000000000,0.15544080700000001
849206,2017-06-14 23:57:00,0.0,Realtime Hops,13.50412,0,Fermentor 36201761460962,0 days 00:00:00.000000000,0 days 00:00:00.000000000,0.0
849621,2017-06-15 06:52:00,0.08176173,Realtime Hops,13.50412,12.4,Fermentor 36201761460962,0 days 06:55:00.000000000,0 days 06:55:00.000000000,0.08176173
850106,2017-06-15 14:57:00,0.14840804,Realtime Hops,13.50412,11.5,Fermentor 36201761460962,0 days 15:00:00.000000000,0 days 08:05:00.000000000,0.06664630999999999
850346,2017-06-15 18:57:00,0.215054333,Realtime Hops,13.50412,10.6,Fermentor 36201761460962,0 days 19:00:00.000000000,0 days 04:00:00.000000000,0.066646293
851086,2017-06-16 07:17:00,0.444613934,Realtime Hops,13.50412,7.5,Fermentor 36201761460962,1 days 07:20:00.000000000,0 days 12:20:00.000000000,0.229559601
851821,2017-06-16 19:32:00,0.6593632,Realtime Hops,13.50412,4.6,Fermentor 36201761460962,1 days 19:35:00.000000000,0 days 12:15:00.000000000,0.21474926600000005
864030,2017-10-03 07:00:00,0.04466313,Realtime Hops,13.50309,12.9,Fermentor 31201710271766,110 days 07:03:00.000000000,108 days 11:28:00.000000000,-0.61470007
864167,2017-10-03 09:17:00,0.06688021,Realtime Hops,13.50309,12.6,Fermentor 31201710271766,110 days 09:20:00.000000000,0 days 02:17:00.000000000,0.022217079999999993
864467,2017-10-03 14:17:00,0.111314513,Realtime Hops,13.50309,12,Fermentor 31201710271766,110 days 14:20:00.000000000,0 days 05:00:00.000000000,0.04443430300000001
864717,2017-10-03 18:27:00,0.163154483,Realtime Hops,13.50309,11.3,Fermentor 31201710271766,110 days 18:30:00.000000000,0 days 04:10:00.000000000,0.051839969999999985
865757,2017-10-04 11:47:00,0.489005834,Realtime Hops,13.50309,6.9,Fermentor 31201710271766,111 days 11:50:00.000000000,0 days 17:20:00.000000000,0.32585135099999996
866197,2017-10-04 19:07:00,0.637120068,Realtime Hops,13.50309,4.9,Fermentor 31201710271766,111 days 19:10:00.000000000,0 days 07:20:00.000000000,0.148114234
882562,2017-10-16 03:52:00,0.0,Grey Horse,16.75188,0,Fermentor 312017101575065,0 days 00:00:00.000000000,0 days 00:00:00.000000000,0.0
883222,2017-10-16 14:52:00,0.1463645,Grey Horse,16.75188,14.3,Fermentor 312017101575065,0 days 11:00:00.000000000,0 days 11:00:00.000000000,0.1463645
883637,2017-10-16 21:47:00,0.2538151,Grey Horse,16.75188,12.5,Fermentor 312017101575065,0 days 17:55:00.000000000,0 days 06:55:00.000000000,0.10745060000000001
884287,2017-10-17 08:37:00,0.4567774,Grey Horse,16.75188,9.1,Fermentor 312017101575065,1 days 04:45:00.000000000,0 days 10:50:00.000000000,0.20296229999999998
898248,2017-10-07 01:17:00,0.0,Kennedy,16.49203,0,Fermentor 32201710665762,0 days 00:00:00.000000000,0 days 00:00:00.000000000,0.0
898713,2017-10-07 09:02:00,0.114723831,Kennedy,16.49203,14.6,Fermentor 32201710665762,0 days 07:45:00.000000000,0 days 07:45:00.000000000,0.114723831
899373,2017-10-07 20:02:00,0.290566385,Kennedy,16.49203,11.7,Fermentor 32201710665762,0 days 18:45:00.000000000,0 days 11:00:00.000000000,0.17584255399999998
900183,2017-10-08 09:32:00,0.5573619,Kennedy,16.49203,7.3,Fermentor 32201710665762,1 days 08:15:00.000000000,0 days 13:30:00.000000000,0.266795515
919803,2017-10-22 00:32:00,0.0,Realtime Hops,13.50653,0,Fermentor 322017102163068,0 days 00:00:00.000000000,0 days 00:00:00.000000000,0.0
920378,2017-10-22 10:07:00,0.104136996,Realtime Hops,13.50653,12.1,Fermentor 322017102163068,0 days 09:35:00.000000000,0 days 09:35:00.000000000,0.104136996
920963,2017-10-22 19:52:00,0.23000209,Realtime Hops,13.50653,10.4,Fermentor 322017102163068,0 days 19:20:00.000000000,0 days 09:45:00.000000000,0.125865094
938189,2017-10-14 18:57:00,0.0,Red Wonder,15.39917,0,Fermentor 332017101442961,0 days 00:00:00.000000000,0 days 00:00:00.000000000,0.0
938229,2017-10-14 19:37:00,0.07787239,Red Wonder,15.39917,14.2,Fermentor 332017101442961,0 days 00:40:00.000000000,0 days 00:40:00.000000000,0.07787239
938959,2017-10-15 07:47:00,0.246712625,Red Wonder,15.39917,11.6,Fermentor 332017101442961,0 days 12:50:00.000000000,0 days 12:10:00.000000000,0.168840235
939619,2017-10-15 18:47:00,0.44152832,Red Wonder,15.39917,8.6,Fermentor 332017101442961,0 days 23:50:00.000000000,0 days 11:00:00.000000000,0.19481569499999998
940819,2017-10-16 14:47:00,0.766221166,Red Wonder,15.39917,3.6,Fermentor 332017101442961,1 days 19:50:00.000000000,0 days 20:00:00.000000000,0.32469284600000003
958905,2017-10-09 04:12:00,0.0,Hop-Scotch,13.71829,0,Fermentor 34201710876270,0 days 00:00:00.000000000,0 days 00:00:00.000000000,0.0
959050,2017-10-09 06:37:00,0.04507048,Hop-Scotch,13.71829,13.1,Fermentor 34201710876270,0 days 02:25:00.000000000,0 days 02:25:00.000000000,0.04507048
959940,2017-10-09 21:27:00,0.256467134,Hop-Scotch,13.71829,10.2,Fermentor 34201710876270,0 days 17:15:00.000000000,0 days 14:50:00.000000000,0.211396654
960590,2017-10-10 08:17:00,0.489732325,Hop-Scotch,13.71829,7,Fermentor 34201710876270,1 days 04:05:00.000000000,0 days 10:50:00.000000000,0.23326519100000004
973900,2017-10-19 14:07:00,0.0,Realtime Hops,13.50801,0,Fermentor 342017101925569,0 days 00:00:00.000000000,0 days 00:00:00.000000000,0.0
974250,2017-10-19 19:57:00,0.0524140671,Realtime Hops,13.50801,12.8,Fermentor 342017101925569,0 days 05:50:00.000000000,0 days 05:50:00.000000000,0.0524140671
974420,2017-10-19 22:47:00,0.07462312,Realtime Hops,13.50801,12.5,Fermentor 342017101925569,0 days 08:40:00.000000000,0 days 02:50:00.000000000,0.022209052899999998
974625,2017-10-20 02:12:00,0.1116382,Realtime Hops,13.50801,12,Fermentor 342017101925569,0 days 12:05:00.000000000,0 days 03:25:00.000000000,0.037015080000000006
975020,2017-10-20 08:47:00,0.1930714,Realtime Hops,13.50801,10.9,Fermentor 342017101925569,0 days 18:40:00.000000000,0 days 06:35:00.000000000,0.0814332
975635,2017-10-20 19:02:00,0.39295277,Realtime Hops,13.50801,8.2,Fermentor 342017101925569,1 days 04:55:00.000000000,0 days 10:15:00.000000000,0.19988137
982586,2017-10-05 14:52:00,0.0,5450,0,0,Fermentor 35201710528265,0 days 00:00:00.000000000,0 days 00:00:00.000000000,0.0
983661,2017-10-06 08:47:00,0.301855057,5450,14.89662,10.4,Fermentor 35201710528265,0 days 17:55:00.000000000,0 days 17:55:00.000000000,0.301855057
983796,2017-10-06 11:02:00,0.328706771,5450,14.89662,10,Fermentor 35201710528265,0 days 20:10:00.000000000,0 days 02:15:00.000000000,0.026851714000000027
984291,2017-10-06 19:17:00,0.509955943,5450,14.89662,7.3,Fermentor 35201710528265,1 days 04:25:00.000000000,0 days 08:15:00.000000000,0.18124917200000001
985116,2017-10-07 09:02:00,0.738195658,5450,14.89662,3.9,Fermentor 35201710528265,1 days 18:10:00.000000000,0 days 13:45:00.000000000,0.22823971499999995
1019802,2017-10-11 11:07:00,0.0,Realtime Hops,13.50997,0,Fermentor 362017101114765,0 days 00:00:00.000000000,0 days 00:00:00.000000000,0.0
1020277,2017-10-11 19:02:00,0.08215933,Realtime Hops,13.50997,12.4,Fermentor 362017101114765,0 days 07:55:00.000000000,0 days 07:55:00.000000000,0.08215933
1020532,2017-10-11 23:17:00,0.12657094,Realtime Hops,13.50997,11.8,Fermentor 362017101114765,0 days 12:10:00.000000000,0 days 04:15:00.000000000,0.04441160999999999
1020622,2017-10-12 00:47:00,0.14877677,Realtime Hops,13.50997,11.5,Fermentor 362017101114765,0 days 13:40:00.000000000,0 days 01:30:00.000000000,0.02220583000000001
1021232,2017-10-12 10:57:00,0.311619461,Realtime Hops,13.50997,9.3,Fermentor 362017101114765,0 days 23:50:00.000000000,0 days 10:10:00.000000000,0.16284269099999998
1021822,2017-10-12 20:47:00,0.467060268,Realtime Hops,13.50997,7.2,Fermentor 362017101114765,1 days 09:40:00.000000000,0 days 09:50:00.000000000,0.15544080700000001
1038658,2018-02-21 13:22:00,0.0,Realtime Hops,13.5030861,0,Fermentor 31201822119264,0 days 00:00:00.000000000,0 days 00:00:00.000000000,0.0
1038878,2018-02-21 17:02:00,0.044662863,Realtime Hops,13.5030861,12.9,Fermentor 31201822119264,0 days 03:40:00.000000000,0 days 03:40:00.000000000,0.044662863
1039033,2018-02-21 19:37:00,0.06687995,Realtime Hops,13.5030861,12.6,Fermentor 31201822119264,0 days 06:15:00.000000000,0 days 02:35:00.000000000,0.022217086999999996
1039338,2018-02-22 00:42:00,0.111314267,Realtime Hops,13.5030861,12,Fermentor 31201822119264,0 days 11:20:00.000000000,0 days 05:05:00.000000000,0.044434317
1039588,2018-02-22 04:52:00,0.163154244,Realtime Hops,13.5030861,11.3,Fermentor 31201822119264,0 days 15:30:00.000000000,0 days 04:10:00.000000000,0.05183997700000001
1040628,2018-02-22 22:12:00,0.489005685,Realtime Hops,13.5030861,6.9,Fermentor 31201822119264,1 days 08:50:00.000000000,0 days 17:20:00.000000000,0.325851441
1041063,2018-02-23 05:27:00,0.63712,Realtime Hops,13.5030861,4.9,Fermentor 31201822119264,1 days 16:05:00.000000000,0 days 07:15:00.000000000,0.148114315
1041808,2018-02-23 17:52:00,0.733394265,Realtime Hops,13.5030861,3.6,Fermentor 31201822119264,2 days 04:30:00.000000000,0 days 12:25:00.000000000,0.09627426500000003
1057428,2018-03-06 14:12:00,0.0,Grey Horse,16.7518826,0,Fermentor 3120183622264,0 days 00:00:00.000000000,0 days 00:00:00.000000000,0.0
1058088,2018-03-07 01:12:00,0.146364585,Grey Horse,16.7518826,14.3,Fermentor 3120183622264,0 days 11:00:00.000000000,0 days 11:00:00.000000000,0.146364585
1058508,2018-03-07 08:12:00,0.2538152,Grey Horse,16.7518826,12.5,Fermentor 3120183622264,0 days 18:00:00.000000000,0 days 07:00:00.000000000,0.10745061500000003
1059153,2018-03-07 18:57:00,0.456777453,Grey Horse,16.7518826,9.1,Fermentor 3120183622264,1 days 04:45:00.000000000,0 days 10:45:00.000000000,0.20296225299999998
1073114,2018-02-25 11:37:00,0.0,Kennedy,16.4920349,0,Fermentor 32201822512962,0 days 00:00:00.000000000,0 days 00:00:00.000000000,0.0
1073584,2018-02-25 19:27:00,0.114724137,Kennedy,16.4920349,14.6,Fermentor 32201822512962,0 days 07:50:00.000000000,0 days 07:50:00.000000000,0.114724137
1074244,2018-02-26 06:27:00,0.290566623,Kennedy,16.4920349,11.7,Fermentor 32201822512962,0 days 18:50:00.000000000,0 days 11:00:00.000000000,0.17584248600000002
1075054,2018-02-26 19:57:00,0.5573621,Kennedy,16.4920349,7.3,Fermentor 32201822512962,1 days 08:20:00.000000000,0 days 13:30:00.000000000,0.26679547699999995
1113060,2018-03-05 05:22:00,0.0,Red Wonder,15.3991661,0,Fermentor 3320183476863,0 days 00:00:00.000000000,0 days 00:00:00.000000000,0.0
1113095,2018-03-05 05:57:00,0.07787216,Red Wonder,15.3991661,14.2,Fermentor 3320183476863,0 days 00:35:00.000000000,0 days 00:35:00.000000000,0.07787216
1113825,2018-03-05 18:07:00,0.246712431,Red Wonder,15.3991661,11.6,Fermentor 3320183476863,0 days 12:45:00.000000000,0 days 12:10:00.000000000,0.16884027100000001
1114485,2018-03-06 05:07:00,0.441528171,Red Wonder,15.3991661,8.6,Fermentor 3320183476863,0 days 23:45:00.000000000,0 days 11:00:00.000000000,0.19481574000000002
1115690,2018-03-07 01:12:00,0.7662211,Red Wonder,15.3991661,3.6,Fermentor 3320183476863,1 days 19:50:00.000000000,0 days 20:05:00.000000000,0.32469292899999996
1133771,2018-02-27 14:32:00,0.0,Hop-Scotch,13.7182856,0,Fermentor 34201822723470,0 days 00:00:00.000000000,0 days 00:00:00.000000000,0.0
1133916,2018-02-27 16:57:00,0.04507015,Hop-Scotch,13.7182856,13.1,Fermentor 34201822723470,0 days 02:25:00.000000000,0 days 02:25:00.000000000,0.04507015
1134811,2018-02-28 07:52:00,0.256466866,Hop-Scotch,13.7182856,10.2,Fermentor 34201822723470,0 days 17:20:00.000000000,0 days 14:55:00.000000000,0.211396716
1135461,2018-02-28 18:42:00,0.489732146,Hop-Scotch,13.7182856,7,Fermentor 34201822723470,1 days 04:10:00.000000000,0 days 10:50:00.000000000,0.23326527999999996
1149121,2018-03-10 06:22:00,0.052413933,Realtime Hops,13.508008,12.8,Fermentor 3420183959464,10 days 15:50:00.000000000,9 days 11:40:00.000000000,-0.43731821299999996
1149291,2018-03-10 09:12:00,0.0746229962,Realtime Hops,13.508008,12.5,Fermentor 3420183959464,10 days 18:40:00.000000000,0 days 02:50:00.000000000,0.022209063199999997
1149496,2018-03-10 12:37:00,0.111638077,Realtime Hops,13.508008,12,Fermentor 3420183959464,10 days 22:05:00.000000000,0 days 03:25:00.000000000,0.0370150808
1149891,2018-03-10 19:12:00,0.193071276,Realtime Hops,13.508008,10.9,Fermentor 3420183959464,11 days 04:40:00.000000000,0 days 06:35:00.000000000,0.08143319899999998
1150506,2018-03-11 05:27:00,0.3929527,Realtime Hops,13.508008,8.2,Fermentor 3420183959464,11 days 14:55:00.000000000,0 days 10:15:00.000000000,0.199881424
1151386,2018-03-11 20:07:00,0.6668643,Realtime Hops,13.508008,4.5,Fermentor 3420183959464,12 days 05:35:00.000000000,0 days 14:40:00.000000000,0.2739116
1157457,2018-02-24 01:17:00,0.0,5450,14.896615,0,Fermentor 35201822362163,0 days 00:00:00.000000000,0 days 00:00:00.000000000,0.0
1158532,2018-02-24 19:12:00,0.301854849,5450,14.896615,10.4,Fermentor 35201822362163,0 days 17:55:00.000000000,0 days 17:55:00.000000000,0.301854849
1158667,2018-02-24 21:27:00,0.328706563,5450,14.896615,10,Fermentor 35201822362163,0 days 20:10:00.000000000,0 days 02:15:00.000000000,0.026851714000000027
1159157,2018-02-25 05:37:00,0.509955764,5450,14.896615,7.3,Fermentor 35201822362163,1 days 04:20:00.000000000,0 days 08:10:00.000000000,0.18124920099999997
1159982,2018-02-25 19:22:00,0.738195539,5450,14.896615,3.9,Fermentor 35201822362163,1 days 18:05:00.000000000,0 days 13:45:00.000000000,0.22823977500000003
1194673,2018-03-01 21:32:00,0.0,Realtime Hops,13.5099688,0,Fermentor 3620183148663,0 days 00:00:00.000000000,0 days 00:00:00.000000000,0.0
1195143,2018-03-02 05:22:00,0.0821592659,Realtime Hops,13.5099688,12.4,Fermentor 3620183148663,0 days 07:50:00.000000000,0 days 07:50:00.000000000,0.0821592659
1195403,2018-03-02 09:42:00,0.12657088,Realtime Hops,13.5099688,11.8,Fermentor 3620183148663,0 days 12:10:00.000000000,0 days 04:20:00.000000000,0.044411614099999996
1195488,2018-03-02 11:07:00,0.14877671,Realtime Hops,13.5099688,11.5,Fermentor 3620183148663,0 days 13:35:00.000000000,0 days 01:25:00.000000000,0.02220583000000001
1196103,2018-03-02 21:22:00,0.3116194,Realtime Hops,13.5099688,9.3,Fermentor 3620183148663,0 days 23:50:00.000000000,0 days 10:15:00.000000000,0.16284268999999998
1196688,2018-03-03 07:07:00,0.4670602,Realtime Hops,13.5099688,7.2,Fermentor 3620183148663,1 days 09:35:00.000000000,0 days 09:45:00.000000000,0.1554408
1197488,2018-03-03 20:27:00,0.689118445,Realtime Hops,13.5099688,4.2,Fermentor 3620183148663,1 days 22:55:00.000000000,0 days 13:20:00.000000000,0.222058245
1220644,2018-03-19 22:22:00,0.0,Adele,11.50759,0.0,Fermentor 31201831955264,0 days 00:00:00.000000000,0 days 00:00:00.000000000,0.0
1221104,2018-03-20 06:02:00,0.09624871,Adele,11.50759,10.4,Fermentor 31201831955264,0 days 07:40:00.000000000,0 days 07:40:00.000000000,0.09624871
1221924,2018-03-20 19:42:00,0.3134966,Adele,11.50759,7.9,Fermentor 31201831955264,0 days 21:20:00.000000000,0 days 13:40:00.000000000,0.21724789
1222504,2018-03-21 05:22:00,0.539434433,Adele,11.50759,5.3,Fermentor 31201831955264,1 days 07:00:00.000000000,0 days 09:40:00.000000000,0.22593783300000003
1223414,2018-03-21 20:32:00,0.7045428,Adele,11.50759,3.4,Fermentor 31201831955264,1 days 22:10:00.000000000,0 days 15:10:00.000000000,0.16510836699999998
1238680,2018-03-12 10:57:00,0.0,Realtime Hops,13.50653,0.0,Fermentor 32201831214164,0 days 00:00:00.000000000,0 days 00:00:00.000000000,0.0
1239255,2018-03-12 20:32:00,0.104136996,Realtime Hops,13.50653,12.1,Fermentor 32201831214164,0 days 09:35:00.000000000,0 days 09:35:00.000000000,0.104136996
1239840,2018-03-13 06:17:00,0.23000209,Realtime Hops,13.50653,10.4,Fermentor 32201831214164,0 days 19:20:00.000000000,0 days 09:45:00.000000000,0.125865094
1240835,2018-03-13 22:52:00,0.58538574,Realtime Hops,13.50653,5.6,Fermentor 32201831214164,1 days 11:55:00.000000000,0 days 16:35:00.000000000,0.35538365
1241280,2018-03-14 06:17:00,0.674231648,Realtime Hops,13.50653,4.4,Fermentor 32201831214164,1 days 19:20:00.000000000,0 days 07:25:00.000000000,0.08884590800000003
1253150,2018-03-22 12:07:00,0.0,Kerberos,14.73,0.0,Fermentor 32201832218363,0 days 00:00:00.000000000,0 days 00:00:00.000000000,0.0
1253495,2018-03-22 17:52:00,0.05642511,Kerberos,14.73121,13.9,Fermentor 32201832218363,0 days 05:45:00.000000000,0 days 05:45:00.000000000,0.05642511
1253665,2018-03-22 20:42:00,0.08357832,Kerberos,14.73121,13.5,Fermentor 32201832218363,0 days 08:35:00.000000000,0 days 02:50:00.000000000,0.027153209999999997
1254180,2018-03-23 05:17:00,0.198979557,Kerberos,14.73121,11.8,Fermentor 32201832218363,0 days 17:10:00.000000000,0 days 08:35:00.000000000,0.115401237
1255040,2018-03-23 19:37:00,0.41620543600000004,Kerberos,14.73121,8.6,Fermentor 32201832218363,1 days 07:30:00.000000000,0 days 14:20:00.000000000,0.21722587900000004
1255620,2018-03-24 05:17:00,0.5519715999999999,Kerberos,14.73121,6.6,Fermentor 32201832218363,1 days 17:10:00.000000000,0 days 09:40:00.000000000,0.13576616399999986
1256390,2018-03-24 18:07:00,0.6198547,Kerberos,14.73121,5.6,Fermentor 32201832218363,2 days 06:00:00.000000000,0 days 12:50:00.000000000,0.06788310000000009
1273516,2018-03-16 15:32:00,0.0,Alistair,10.7547359,0,Fermentor 33201831630664,0 days 00:00:00.000000000,0 days 00:00:00.000000000,0.0
1273666,2018-03-16 18:02:00,0.0329841971,Alistair,10.7547359,10.4,Fermentor 33201831630664,0 days 02:30:00.000000000,0 days 02:30:00.000000000,0.0329841971
1274036,2018-03-17 00:12:00,0.0980717838,Alistair,10.7547359,9.7,Fermentor 33201831630664,0 days 08:40:00.000000000,0 days 06:10:00.000000000,0.0650875867
1274151,2018-03-17 02:07:00,0.135264665,Alistair,10.7547359,9.3,Fermentor 33201831630664,0 days 10:35:00.000000000,0 days 01:55:00.000000000,0.0371928812
1274381,2018-03-17 05:57:00,0.209650517,Alistair,10.7547359,8.5,Fermentor 33201831630664,0 days 14:25:00.000000000,0 days 03:50:00.000000000,0.074385852
1275178,2018-03-17 19:14:00,0.20965051699999998,Alistair,10.7547359,8.5,Fermentor 33201831630664,1 days 03:42:00.000000000,0 days 13:17:00.000000000,-2.7755575615628914e-17
1275216,2018-03-17 19:52:00,0.5815796999999999,Alistair,10.7547359,4.5,Fermentor 33201831630664,1 days 04:20:00.000000000,0 days 00:38:00.000000000,0.37192918299999994
1275746,2018-03-18 04:42:00,0.6931584479999999,Alistair,10.7547359,3.3,Fermentor 33201831630664,1 days 13:10:00.000000000,0 days 08:50:00.000000000,0.111578748
1289666,2018-03-27 20:42:00,0.0,Kerberos,14.7058516,0.0,Fermentor 33201832749264,0 days 00:00:00.000000000,0 days 00:00:00.000000000,0.0
1290071,2018-03-28 03:27:00,0.0479980074,Kerberos,14.7058516,14.0,Fermentor 33201832749264,0 days 06:45:00.000000000,0 days 06:45:00.000000000,0.0479980074
1290206,2018-03-28 05:42:00,0.07519804,Kerberos,14.7058516,13.6,Fermentor 33201832749264,0 days 09:00:00.000000000,0 days 02:15:00.000000000,0.027200032599999993
1290451,2018-03-28 09:47:00,0.115998149,Kerberos,14.7058516,13.0,Fermentor 33201832749264,0 days 13:05:00.000000000,0 days 04:05:00.000000000,0.040800109
1290966,2018-03-28 18:22:00,0.2247984,Kerberos,14.7058516,11.4,Fermentor 33201832749264,0 days 21:40:00.000000000,0 days 08:35:00.000000000,0.10880025100000001
1291721,2018-03-29 06:57:00,0.4219988,Kerberos,14.7058516,8.5,Fermentor 33201832749264,1 days 10:15:00.000000000,0 days 12:35:00.000000000,0.1972004
1292446,2018-03-29 19:02:00,0.5783990999999999,Kerberos,14.7058516,6.2,Fermentor 33201832749264,1 days 22:20:00.000000000,0 days 12:05:00.000000000,0.15640029999999994
1309987,2018-03-21 23:22:00,0.0,Grey Horse,16.944841399999998,0.0,Fermentor 34201832158862,0 days 00:00:00.000000000,0 days 00:00:00.000000000,0.0
1310397,2018-03-22 06:12:00,0.114774838,Grey Horse,16.944841399999998,15.0,Fermentor 34201832158862,0 days 06:50:00.000000000,0 days 06:50:00.000000000,0.114774838
1311162,2018-03-22 18:57:00,0.33313036,Grey Horse,16.944841399999998,11.3,Fermentor 34201832158862,0 days 19:35:00.000000000,0 days 12:45:00.000000000,0.21835552200000002
1311782,2018-03-23 05:17:00,0.5219784000000001,Grey Horse,16.944841399999998,8.1,Fermentor 34201832158862,1 days 05:55:00.000000000,0 days 10:20:00.000000000,0.18884804000000005
1328093,2018-03-14 13:07:00,0.0,Grey Horse,17.03,0.0,Fermentor 35201831421964,0 days 00:00:00.000000000,0 days 00:00:00.000000000,0.0
1328523,2018-03-14 20:17:00,0.118163325,Grey Horse,17.0099525,15.0,Fermentor 35201831421964,0 days 07:10:00.000000000,0 days 07:10:00.000000000,0.118163325
1329123,2018-03-15 06:17:00,0.271015048,Grey Horse,17.0099525,12.4,Fermentor 35201831421964,0 days 17:10:00.000000000,0 days 10:00:00.000000000,0.152851723
1329978,2018-03-15 20:32:00,0.5296871,Grey Horse,17.0099525,8.0,Fermentor 35201831421964,1 days 07:25:00.000000000,0 days 14:15:00.000000000,0.258672052
1351058,2018-03-30 11:52:00,0.0,Grey Horse,17.025913199999998,0.0,Fermentor 35201833017473,0 days 00:00:00.000000000,0 days 00:00:00.000000000,0.0
1351548,2018-03-30 20:02:00,0.08962299,Grey Horse,17.025913199999998,15.5,Fermentor 35201833017473,0 days 08:10:00.000000000,0 days 08:10:00.000000000,0.08962299
1352068,2018-03-31 04:42:00,0.177723989,Grey Horse,17.025913199999998,14.0,Fermentor 35201833017473,0 days 16:50:00.000000000,0 days 08:40:00.000000000,0.088100999
1353093,2018-03-31 21:47:00,0.436153561,Grey Horse,17.025913199999998,9.6,Fermentor 35201833017473,1 days 09:55:00.000000000,0 days 17:05:00.000000000,0.25842957200000005
1361689,2018-03-17 21:02:00,0.0,Red Wonder,15.3978367,0,Fermentor 36201831750465,0 days 00:00:00.000000000,0 days 00:00:00.000000000,0.0
1362149,2018-03-18 04:42:00,0.142736733,Red Wonder,15.3978367,13.2,Fermentor 36201831750465,0 days 07:40:00.000000000,0 days 07:40:00.000000000,0.142736733
1362904,2018-03-18 17:17:00,0.344063669,Red Wonder,15.3978367,10.1,Fermentor 36201831750465,0 days 20:15:00.000000000,0 days 12:35:00.000000000,0.201326936
1363599,2018-03-19 04:52:00,0.545390666,Red Wonder,15.3978367,7,Fermentor 36201831750465,1 days 07:50:00.000000000,0 days 11:35:00.000000000,0.20132699699999995
1364374,2018-03-19 17:47:00,0.467457682,Red Wonder,15.3978367,8.2,Fermentor 36201831750465,1 days 20:45:00.000000000,0 days 12:55:00.000000000,-0.07793298399999998
1365099,2018-03-20 05:52:00,0.785684168,Red Wonder,15.3978367,3.3,Fermentor 36201831750465,2 days 08:50:00.000000000,0 days 12:05:00.000000000,0.318226486
1390155,2018-04-06 15:27:00,0.0,Grey Horse,17.03,0.0,Fermentor 3120184630364,0 days 00:00:00.000000000,0 days 00:00:00.000000000,0.0
1390300,2018-04-06 17:52:00,0.00482059969,Grey Horse,16.0775032,16.0,Fermentor 3120184630364,0 days 02:25:00.000000000,0 days 02:25:00.000000000,0.00482059969
1390447,2018-04-06 20:19:00,0.00372660952,Grey Horse,16.0598488,16.0,Fermentor 3120184630364,0 days 04:52:00.000000000,0 days 02:27:00.000000000,-0.0010939901699999997
1390970,2018-04-07 05:02:00,0.115807377,Grey Horse,16.0598488,14.2,Fermentor 3120184630364,0 days 13:35:00.000000000,0 days 08:43:00.000000000,0.11208076748000001
1391985,2018-04-07 21:57:00,0.389782548,Grey Horse,16.0598488,9.8,Fermentor 3120184630364,1 days 06:30:00.000000000,0 days 16:55:00.000000000,0.273975171
1392420,2018-04-08 05:12:00,0.520543456,Grey Horse,16.0598488,7.7,Fermentor 3120184630364,1 days 13:45:00.000000000,0 days 07:15:00.000000000,0.13076090799999995
1422616,2018-04-09 04:27:00,0.0,Red Wonder,15.389377599999998,0.0,Fermentor 3220184877164,0 days 00:00:00.000000000,0 days 00:00:00.000000000,0.0
1422726,2018-04-09 06:17:00,0.05129364,Red Wonder,15.389377599999998,14.6,Fermentor 3220184877164,0 days 01:50:00.000000000,0 days 01:50:00.000000000,0.05129364
1423481,2018-04-09 18:52:00,0.226739377,Red Wonder,15.389377599999998,11.9,Fermentor 3220184877164,0 days 14:25:00.000000000,0 days 12:35:00.000000000,0.175445737
1424216,2018-04-10 07:07:00,0.467164934,Red Wonder,15.389377599999998,8.2,Fermentor 3220184877164,1 days 02:40:00.000000000,0 days 12:15:00.000000000,0.24042555699999998
1425282,2018-04-11 00:53:00,0.753076434,Red Wonder,15.389377599999998,3.8,Fermentor 3220184877164,1 days 20:26:00.000000000,0 days 17:46:00.000000000,0.28591150000000004
1449057,2018-04-07 13:07:00,0.0,Realtime Hops,13.501548800000002,0.0,Fermentor 3320184721963,0 days 00:00:00.000000000,0 days 00:00:00.000000000,0.0
1449587,2018-04-07 21:57:00,0.09639998,Realtime Hops,13.501548800000002,12.2,Fermentor 3320184721963,0 days 08:50:00.000000000,0 days 08:50:00.000000000,0.09639998
1450022,2018-04-08 05:12:00,0.19268523199999998,Realtime Hops,13.501548800000002,10.9,Fermentor 3320184721963,0 days 16:05:00.000000000,0 days 07:15:00.000000000,0.09628525199999999
1450787,2018-04-08 17:57:00,0.444508165,Realtime Hops,13.501548800000002,7.5,Fermentor 3320184721963,1 days 04:50:00.000000000,0 days 12:45:00.000000000,0.251822933
1451522,2018-04-09 06:12:00,0.6741114,Realtime Hops,13.501548800000002,4.4,Fermentor 3320184721963,1 days 17:05:00.000000000,0 days 12:15:00.000000000,0.22960323500000002
1468712,2018-04-21 04:42:00,0.0,Realtime Hops,13.5038271,0.0,Fermentor 33201842078064,0 days 00:00:00.000000000,0 days 00:00:00.000000000,0.0
1468737,2018-04-21 05:07:00,0.01509401,Realtime Hops,13.5038271,13.3,Fermentor 33201842078064,0 days 00:25:00.000000000,0 days 00:25:00.000000000,0.01509401
1478533,2018-04-08 00:22:00,0.0,Realtime Hops,13.5040751,0.0,Fermentor 3420184762463,0 days 00:00:00.000000000,0 days 00:00:00.000000000,0.0
1478823,2018-04-08 05:12:00,0.06694829,Realtime Hops,13.5040751,12.6,Fermentor 3420184762463,0 days 04:50:00.000000000,0 days 04:50:00.000000000,0.06694829
1479588,2018-04-08 17:57:00,0.2076466,Realtime Hops,13.5040751,10.7,Fermentor 3420184762463,0 days 17:35:00.000000000,0 days 12:45:00.000000000,0.14069831
1480323,2018-04-09 06:12:00,0.4446121,Realtime Hops,13.5040751,7.5,Fermentor 3420184762463,1 days 05:50:00.000000000,0 days 12:15:00.000000000,0.23696550000000002
1481083,2018-04-09 18:52:00,0.6815775629999999,Realtime Hops,13.5040751,4.3,Fermentor 3420184762463,1 days 18:30:00.000000000,0 days 12:40:00.000000000,0.23696546299999993
1517754,2018-04-15 06:02:00,0.0,Realtime Hops,13.5058489,0.0,Fermentor 35201841482864,0 days 00:00:00.000000000,0 days 00:00:00.000000000,0.0
1518499,2018-04-15 18:27:00,0.11890028400000001,Realtime Hops,13.5058489,11.9,Fermentor 35201841482864,0 days 12:25:00.000000000,0 days 12:25:00.000000000,0.11890028400000001
1518769,2018-04-15 22:57:00,0.17813383,Realtime Hops,13.5058489,11.1,Fermentor 35201841482864,0 days 16:55:00.000000000,0 days 04:30:00.000000000,0.059233545999999984
1519189,2018-04-16 05:57:00,0.40766403100000004,Realtime Hops,13.5058489,8.0,Fermentor 35201841482864,0 days 23:55:00.000000000,0 days 07:00:00.000000000,0.22953020100000004
1519974,2018-04-16 19:02:00,0.5409396,Realtime Hops,13.5058489,6.2,Fermentor 35201841482864,1 days 13:00:00.000000000,0 days 13:05:00.000000000,0.13327556899999993
1520659,2018-04-17 06:27:00,0.6964278,Realtime Hops,13.5058489,4.1,Fermentor 35201841482864,2 days 00:25:00.000000000,0 days 11:25:00.000000000,0.15548820000000008
1530850,2018-04-04 08:17:00,0.0,Kennedy,16.47094,0.0,Fermentor 362018444564,0 days 00:00:00.000000000,0 days 00:00:00.000000000,0.0
1531495,2018-04-04 19:02:00,0.14394681199999998,Kennedy,16.47094,14.1,Fermentor 362018444564,0 days 10:45:00.000000000,0 days 10:45:00.000000000,0.14394681199999998
1532155,2018-04-05 06:02:00,0.356442273,Kennedy,16.47094,10.6,Fermentor 362018444564,0 days 21:45:00.000000000,0 days 11:00:00.000000000,0.212495461
1532960,2018-04-05 19:27:00,0.6175082,Kennedy,16.47094,6.3,Fermentor 362018444564,1 days 11:10:00.000000000,0 days 13:25:00.000000000,0.261065927
1553160,2018-04-19 20:07:00,0.0,Manual Logger,16.0198021,0.0,Fermentor 36201841947164,0 days 00:00:00.000000000,0 days 00:00:00.000000000,0.0
1553700,2018-04-20 05:07:00,0.08862792,Manual Logger,16.0198021,14.6,Fermentor 36201841947164,0 days 09:00:00.000000000,0 days 09:00:00.000000000,0.08862792
1554665,2018-04-20 21:12:00,0.2634116,Manual Logger,16.0198021,11.8,Fermentor 36201841947164,1 days 01:05:00.000000000,0 days 16:05:00.000000000,0.17478368000000002
1555135,2018-04-21 05:02:00,0.38825709999999997,Manual Logger,16.0198021,9.8,Fermentor 36201841947164,1 days 08:55:00.000000000,0 days 07:50:00.000000000,0.12484549999999994
1555826,2018-04-21 16:32:00,0.0,Grey Horse,17.00202,0.0,Fermentor 31201842134264,0 days 00:00:00.000000000,0 days 00:00:00.000000000,0.0
1556081,2018-04-21 20:47:00,0.0765803158,Grey Horse,17.00202,15.7,Fermentor 31201842134264,0 days 04:15:00.000000000,0 days 04:15:00.000000000,0.0765803158
1556596,2018-04-22 05:22:00,0.158923447,Grey Horse,17.00202,14.3,Fermentor 31201842134264,0 days 12:50:00.000000000,0 days 08:35:00.000000000,0.08234313119999999
1557536,2018-04-22 21:02:00,0.40595290000000006,Grey Horse,17.00202,10.1,Fermentor 31201842134264,1 days 04:30:00.000000000,0 days 15:40:00.000000000,0.24702945300000007
1558041,2018-04-23 05:27:00,0.547112644,Grey Horse,17.00202,7.7,Fermentor 31201842134264,1 days 12:55:00.000000000,0 days 08:25:00.000000000,0.14115974399999998
1578546,2018-05-07 11:12:00,0.0,Manual Logger,17.1340332,0,Fermentor 3120185715064,0 days 00:00:00.000000000,0 days 00:00:00.000000000,0.0
1579701,2018-05-08 06:27:00,0.20042178,Manual Logger,17.1340332,13.7,Fermentor 3120185715064,0 days 19:15:00.000000000,0 days 19:15:00.000000000,0.20042178
1580491,2018-05-08 19:37:00,0.363839239,Manual Logger,17.1340332,10.9,Fermentor 3120185715064,1 days 08:25:00.000000000,0 days 13:10:00.000000000,0.163417459
1581131,2018-05-09 06:17:00,0.527256668,Manual Logger,17.1340332,8.1,Fermentor 3120185715064,1 days 19:05:00.000000000,0 days 10:40:00.000000000,0.16341742900000006
1585287,2018-04-22 03:32:00,0.0,Hop-Scotch,13.6996937,0,Fermentor 32201842173863,0 days 00:00:00.000000000,0 days 00:00:00.000000000,0.0
1585397,2018-04-22 05:22:00,0.02917536,Hop-Scotch,13.6996937,13.3,Fermentor 32201842173863,0 days 01:50:00.000000000,0 days 01:50:00.000000000,0.02917536
1586337,2018-04-22 21:02:00,0.3138533,Hop-Scotch,13.6996937,9.4,Fermentor 32201842173863,0 days 17:30:00.000000000,0 days 15:40:00.000000000,0.28467794
1603117,2018-05-04 12:42:00,0.0,Realtime Hops,13.500001,0,Fermentor 3220185420463,0 days 00:00:00.000000000,0 days 00:00:00.000000000,0.0
1603587,2018-05-04 20:32:00,0.05925934,Realtime Hops,13.500001,12.7,Fermentor 3220185420463,0 days 07:50:00.000000000,0 days 07:50:00.000000000,0.05925934
1603782,2018-05-04 23:47:00,0.09629638,Realtime Hops,13.500001,12.2,Fermentor 3220185420463,0 days 11:05:00.000000000,0 days 03:15:00.000000000,0.03703704
1603967,2018-05-05 02:52:00,0.133333415,Realtime Hops,13.500001,11.7,Fermentor 3220185420463,0 days 14:10:00.000000000,0 days 03:05:00.000000000,0.03703703500000001
1604112,2018-05-05 05:17:00,0.170370445,Realtime Hops,13.500001,11.2,Fermentor 3220185420463,0 days 16:35:00.000000000,0 days 02:25:00.000000000,0.03703703
1612856,2018-04-21 07:00:00,0.01509401,Realtime Hops,13.5038271,13.3,Fermentor 33201842078064,-14 days +18:18:00.000000000,-14 days +01:43:00.000000000,-0.15527643500000002
1613278,2018-04-21 14:02:00,0.0965524241,Realtime Hops,13.5038271,12.2,Fermentor 33201842078064,-13 days +01:20:00.000000000,0 days 07:02:00.000000000,0.0814584141
1613683,2018-04-21 20:47:00,0.185416117,Realtime Hops,13.5038271,11,Fermentor 33201842078064,-13 days +08:05:00.000000000,0 days 06:45:00.000000000,0.08886369289999999
1614198,2018-04-22 05:22:00,0.3409276,Realtime Hops,13.5038271,8.9,Fermentor 33201842078064,-13 days +16:40:00.000000000,0 days 08:35:00.000000000,0.155511483
1615138,2018-04-22 21:02:00,0.651950538,Realtime Hops,13.5038271,4.7,Fermentor 33201842078064,-12 days +08:20:00.000000000,0 days 15:40:00.000000000,0.311022938
1615643,2018-04-23 05:27:00,0.711192966,Realtime Hops,13.5038271,3.9,Fermentor 33201842078064,-12 days +16:45:00.000000000,0 days 08:25:00.000000000,0.059242428000000014
1629313,2018-05-02 17:17:00,0.0,Realtime Hops,13.5079384,0,Fermentor 3320185236963,0 days 00:00:00.000000000,0 days 00:00:00.000000000,0.0
1630108,2018-05-03 06:32:00,0.126439586,Realtime Hops,13.5079384,11.8,Fermentor 3320185236963,0 days 13:15:00.000000000,0 days 13:15:00.000000000,0.126439586
1630818,2018-05-03 18:22:00,0.348531216,Realtime Hops,13.5079384,8.8,Fermentor 3320185236963,1 days 01:05:00.000000000,0 days 11:50:00.000000000,0.22209162999999998
1631483,2018-05-04 05:27:00,0.585428953,Realtime Hops,13.5079384,5.6,Fermentor 3320185236963,1 days 12:10:00.000000000,0 days 11:05:00.000000000,0.236897737
1632388,2018-05-04 20:32:00,0.7112809,Realtime Hops,13.5079384,3.9,Fermentor 3320185236963,2 days 03:15:00.000000000,0 days 15:05:00.000000000,0.12585194700000002
1644829,2018-04-23 11:52:00,0.0,Red Wonder,15.40393,0,Fermentor 34201842317465,0 days 00:00:00.000000000,0 days 00:00:00.000000000,0.0
1645169,2018-04-23 17:32:00,0.123600259,Red Wonder,15.40393,13.5,Fermentor 34201842317465,0 days 05:40:00.000000000,0 days 05:40:00.000000000,0.123600259
1645949,2018-04-24 06:32:00,0.344323128,Red Wonder,15.40393,10.1,Fermentor 34201842317465,0 days 18:40:00.000000000,0 days 13:00:00.000000000,0.220722869
1646604,2018-04-24 17:27:00,0.539078653,Red Wonder,15.40393,7.1,Fermentor 34201842317465,1 days 05:35:00.000000000,0 days 10:55:00.000000000,0.19475552500000004
1647359,2018-04-25 06:02:00,0.759801567,Red Wonder,15.40393,3.7,Fermentor 34201842317465,1 days 18:10:00.000000000,0 days 12:35:00.000000000,0.220722914
1661414,2018-05-05 00:17:00,0.0,Red Wonder,15.38,0,Fermentor 3420185462163,0 days 00:00:00.000000000,0 days 00:00:00.000000000,0.0
1661714,2018-05-05 05:17:00,0.09078238,Red Wonder,15.3978539,14,Fermentor 3420185462163,0 days 05:00:00.000000000,0 days 05:00:00.000000000,0.09078238
1683125,2018-04-30 02:07:00,0.0,Manual Logger,17.02138,0,Fermentor 35201842968765,0 days 00:00:00.000000000,0 days 00:00:00.000000000,0.0
1683305,2018-04-30 05:07:00,0.0365058444,Manual Logger,17.02138,16.4,Fermentor 35201842968765,0 days 03:00:00.000000000,0 days 03:00:00.000000000,0.0365058444
1684175,2018-04-30 19:37:00,0.195129871,Manual Logger,17.02138,13.7,Fermentor 35201842968765,0 days 17:30:00.000000000,0 days 14:30:00.000000000,0.15862402660000002
1684825,2018-05-01 06:27:00,0.3185041,Manual Logger,17.02138,11.6,Fermentor 35201842968765,1 days 04:20:00.000000000,0 days 10:50:00.000000000,0.123374229
1685485,2018-05-01 17:27:00,0.4712532,Manual Logger,17.02138,9,Fermentor 35201842968765,1 days 15:20:00.000000000,0 days 11:00:00.000000000,0.15274909999999997
1699259,2018-04-21 07:00:00,0.3882571,Manual Logger,16.0198021,9.8,Fermentor 36201841947164,-9 days +04:53:00.000000000,-11 days +13:33:00.000000000,-0.08299609999999996
1700086,2018-04-21 20:47:00,0.612979,Manual Logger,16.0198021,6.2,Fermentor 36201841947164,-9 days +18:40:00.000000000,0 days 13:47:00.000000000,0.22472190000000003
1746122,2018-05-23 20:02:00,0.0,Realtime Hops,13.5155277,0,Fermentor 31201852346865,0 days 00:00:00.000000000,0 days 00:00:00.000000000,0.0
1746742,2018-05-24 06:22:00,0.104733415,Realtime Hops,13.5155277,12.1,Fermentor 31201852346865,0 days 10:20:00.000000000,0 days 10:20:00.000000000,0.104733415
1746892,2018-05-24 08:52:00,0.1417279,Realtime Hops,13.5155277,11.6,Fermentor 31201852346865,0 days 12:50:00.000000000,0 days 02:30:00.000000000,0.036994484999999994
1747072,2018-05-24 11:52:00,0.186121315,Realtime Hops,13.5155277,11,Fermentor 31201852346865,0 days 15:50:00.000000000,0 days 03:00:00.000000000,0.04439341500000002
1747737,2018-05-24 22:57:00,0.378492653,Realtime Hops,13.5155277,8.4,Fermentor 31201852346865,1 days 02:55:00.000000000,0 days 11:05:00.000000000,0.192371338
1748347,2018-05-25 09:07:00,0.578262866,Realtime Hops,13.5155277,5.7,Fermentor 31201852346865,1 days 13:05:00.000000000,0 days 10:10:00.000000000,0.19977021299999997
1749052,2018-05-25 20:52:00,0.7188419,Realtime Hops,13.5155277,3.8,Fermentor 31201852346865,2 days 00:50:00.000000000,0 days 11:45:00.000000000,0.14057903400000005
1783103,2018-05-29 12:22:00,0.0,Alistair,10.81004,0,Fermentor 32201852919269,0 days 00:00:00.000000000,0 days 00:00:00.000000000,0.0
1783603,2018-05-29 20:42:00,0.111936688,Alistair,10.81004,9.6,Fermentor 32201852919269,0 days 08:20:00.000000000,0 days 08:20:00.000000000,0.111936688
1784128,2018-05-30 05:27:00,0.25069657,Alistair,10.81004,8.1,Fermentor 32201852919269,0 days 17:05:00.000000000,0 days 08:45:00.000000000,0.138759882
1784338,2018-05-30 08:57:00,0.333952546,Alistair,10.81004,7.2,Fermentor 32201852919269,0 days 20:35:00.000000000,0 days 03:30:00.000000000,0.08325597600000001
1784973,2018-05-30 19:32:00,0.592970967,Alistair,10.81004,4.4,Fermentor 32201852919269,1 days 07:10:00.000000000,0 days 10:35:00.000000000,0.25901842099999994
1787314,2018-05-12 10:32:00,0.0,Kerberos,14.681901,0,Fermentor 33201851212666,0 days 00:00:00.000000000,0 days 00:00:00.000000000,0.0
1787584,2018-05-12 15:02:00,0.0328228064,Kerberos,14.681901,14.2,Fermentor 33201851212666,0 days 04:30:00.000000000,0 days 04:30:00.000000000,0.0328228064
1787914,2018-05-12 20:32:00,0.134989411,Kerberos,14.681901,12.7,Fermentor 33201851212666,0 days 10:00:00.000000000,0 days 05:30:00.000000000,0.1021666046
1788324,2018-05-13 03:22:00,0.209911555,Kerberos,14.681901,11.6,Fermentor 33201851212666,0 days 16:50:00.000000000,0 days 06:50:00.000000000,0.074922144
1789049,2018-05-13 15:27:00,0.414244771,Kerberos,14.681901,8.6,Fermentor 33201851212666,1 days 04:55:00.000000000,0 days 12:05:00.000000000,0.204333216
1789774,2018-05-14 03:32:00,0.59814465,Kerberos,14.681901,5.9,Fermentor 33201851212666,1 days 17:00:00.000000000,0 days 12:05:00.000000000,0.18389987900000004
1790574,2018-05-14 16:52:00,0.65944463,Kerberos,14.681901,5,Fermentor 33201851212666,2 days 06:20:00.000000000,0 days 13:20:00.000000000,0.06129997999999992
1796604,2018-05-18 21:22:00,0.0328228064,Kerberos,14.681901,14.2,Fermentor 33201851835469,6 days 10:50:00.000000000,4 days 04:30:00.000000000,-0.6266218236
1796929,2018-05-19 02:47:00,0.134989411,Kerberos,14.681901,12.7,Fermentor 33201851835469,6 days 16:15:00.000000000,0 days 05:25:00.000000000,0.1021666046
1797339,2018-05-19 09:37:00,0.209911555,Kerberos,14.681901,11.6,Fermentor 33201851835469,6 days 23:05:00.000000000,0 days 06:50:00.000000000,0.074922144
1798069,2018-05-19 21:47:00,0.414244771,Kerberos,14.681901,8.6,Fermentor 33201851835469,7 days 11:15:00.000000000,0 days 12:10:00.000000000,0.204333216
1798794,2018-05-20 09:52:00,0.59814465,Kerberos,14.681901,5.9,Fermentor 33201851835469,7 days 23:20:00.000000000,0 days 12:05:00.000000000,0.18389987900000004
1799594,2018-05-20 23:12:00,0.65944463,Kerberos,14.681901,5,Fermentor 33201851835469,8 days 12:40:00.000000000,0 days 13:20:00.000000000,0.06129997999999992
1838810,2018-05-28 04:47:00,0.0,Realtime Hops,0,0,Fermentor 34201852778366,0 days 00:00:00.000000000,0 days 00:00:00.000000000,0.0
1839395,2018-05-28 14:32:00,0.0599420145,Realtime Hops,13.5098047,12.7,Fermentor 34201852778366,0 days 09:45:00.000000000,0 days 09:45:00.000000000,0.0599420145
1840105,2018-05-29 02:22:00,0.244992808,Realtime Hops,13.5098047,10.2,Fermentor 34201852778366,0 days 21:35:00.000000000,0 days 11:50:00.000000000,0.1850507935
1840475,2018-05-29 08:32:00,0.363425255,Realtime Hops,13.5098047,8.6,Fermentor 34201852778366,1 days 03:45:00.000000000,0 days 06:10:00.000000000,0.118432447
1841315,2018-05-29 22:32:00,0.615094364,Realtime Hops,13.5098047,5.2,Fermentor 34201852778366,1 days 17:45:00.000000000,0 days 14:00:00.000000000,0.25166910899999995
1865776,2018-05-26 22:12:00,0.0,Red Wonder,0,0,Fermentor 35201852654668,0 days 00:00:00.000000000,0 days 00:00:00.000000000,0.0
1867991,2018-05-28 11:07:00,0.4090121,Red Wonder,15.3979473,9.1,Fermentor 35201852654668,1 days 12:55:00.000000000,1 days 12:55:00.000000000,0.4090121
1868901,2018-05-29 02:17:00,0.668787,Red Wonder,15.3979473,5.1,Fermentor 35201852654668,2 days 04:05:00.000000000,0 days 15:10:00.000000000,0.25977490000000003
1869271,2018-05-29 08:27:00,0.7467195,Red Wonder,15.3979473,3.9,Fermentor 35201852654668,2 days 10:15:00.000000000,0 days 06:10:00.000000000,0.07793249999999996
1881122,2018-05-17 13:57:00,0.7408199,Realtime Hops,13.5041208,3.5,Fermentor 36201851724971,-10 days +15:45:00.000000000,-12 days +05:30:00.000000000,-0.005899600000000005
1881537,2018-05-17 20:52:00,0.0817618,Realtime Hops,13.5041208,12.4,Fermentor 36201851724971,-10 days +22:40:00.000000000,0 days 06:55:00.000000000,-0.6590581
1882022,2018-05-18 04:57:00,0.1484081,Realtime Hops,13.5041208,11.5,Fermentor 36201851724971,-9 days +06:45:00.000000000,0 days 08:05:00.000000000,0.06664629999999999
1882267,2018-05-18 09:02:00,0.2150544,Realtime Hops,13.5041208,10.6,Fermentor 36201851724971,-9 days +10:50:00.000000000,0 days 04:05:00.000000000,0.06664630000000002
1883007,2018-05-18 21:22:00,0.444613963,Realtime Hops,13.5041208,7.5,Fermentor 36201851724971,-9 days +23:10:00.000000000,0 days 12:20:00.000000000,0.229559563
1883742,2018-05-19 09:37:00,0.65936327,Realtime Hops,13.5041208,4.6,Fermentor 36201851724971,-8 days +11:25:00.000000000,0 days 12:15:00.000000000,0.21474930699999994
1884472,2018-05-19 21:47:00,0.7408199,Realtime Hops,13.5041208,3.5,Fermentor 36201851724971,-8 days +23:35:00.000000000,0 days 12:10:00.000000000,0.08145663000000003
1909803,2017-10-29 11:57:00,0.0,Adele,11.50759,0,Fermentor 312017102917763,0 days 00:00:00.000000000,0 days 00:00:00.000000000,0.0
1910263,2017-10-29 19:37:00,0.09624871,Adele,11.50759,10.4,Fermentor 312017102917763,0 days 07:40:00.000000000,0 days 07:40:00.000000000,0.09624871
1911083,2017-10-30 09:17:00,0.3134966,Adele,11.50759,7.9,Fermentor 312017102917763,0 days 21:20:00.000000000,0 days 13:40:00.000000000,0.21724789
1911668,2017-10-30 19:02:00,0.539434433,Adele,11.50759,5.3,Fermentor 312017102917763,1 days 07:05:00.000000000,0 days 09:45:00.000000000,0.22593783300000003
1912578,2017-10-31 10:12:00,0.7045428,Adele,11.50759,3.4,Fermentor 312017102917763,1 days 22:15:00.000000000,0 days 15:10:00.000000000,0.16510836699999998
1929667,2017-10-23 07:00:00,0.23000209,Realtime Hops,13.50653,10.4,Fermentor 322017102163068,-7 days +19:03:00.000000000,-9 days +20:48:00.000000000,-0.47454071000000003
1929999,2017-10-23 12:32:00,0.58538574,Realtime Hops,13.50653,5.6,Fermentor 322017102163068,-6 days +00:35:00.000000000,0 days 05:32:00.000000000,0.35538365
1930444,2017-10-23 19:57:00,0.674231648,Realtime Hops,13.50653,4.4,Fermentor 322017102163068,-6 days +08:00:00.000000000,0 days 07:25:00.000000000,0.08884590800000003
1942314,2017-11-01 01:47:00,0.0,Kerberos,14.73,0,Fermentor 322017103167566,0 days 00:00:00.000000000,0 days 00:00:00.000000000,0.0
1942659,2017-11-01 07:32:00,0.05642511,Kerberos,14.73121,13.9,Fermentor 322017103167566,0 days 05:45:00.000000000,0 days 05:45:00.000000000,0.05642511
1942824,2017-11-01 10:17:00,0.08357832,Kerberos,14.73121,13.5,Fermentor 322017103167566,0 days 08:30:00.000000000,0 days 02:45:00.000000000,0.027153209999999997
1943344,2017-11-01 18:57:00,0.198979557,Kerberos,14.73121,11.8,Fermentor 322017103167566,0 days 17:10:00.000000000,0 days 08:40:00.000000000,0.115401237
1944204,2017-11-02 09:17:00,0.416205436,Kerberos,14.73121,8.6,Fermentor 322017103167566,1 days 07:30:00.000000000,0 days 14:20:00.000000000,0.21722587899999998
1944779,2017-11-02 18:52:00,0.5519716,Kerberos,14.73121,6.6,Fermentor 322017103167566,1 days 17:05:00.000000000,0 days 09:35:00.000000000,0.13576616400000002
1945554,2017-11-03 07:47:00,0.6198547,Kerberos,14.73121,5.6,Fermentor 322017103167566,2 days 06:00:00.000000000,0 days 12:55:00.000000000,0.06788309999999997
1962675,2017-10-26 05:07:00,0.0,Alistair,10.75474,0,Fermentor 332017102579565,0 days 00:00:00.000000000,0 days 00:00:00.000000000,0.0
1962825,2017-10-26 07:37:00,0.03298454,Alistair,10.75474,10.4,Fermentor 332017102579565,0 days 02:30:00.000000000,0 days 02:30:00.000000000,0.03298454
1963195,2017-10-26 13:47:00,0.0980721042,Alistair,10.75474,9.7,Fermentor 332017102579565,0 days 08:40:00.000000000,0 days 06:10:00.000000000,0.0650875642
1963315,2017-10-26 15:47:00,0.135264978,Alistair,10.75474,9.3,Fermentor 332017102579565,0 days 10:40:00.000000000,0 days 02:00:00.000000000,0.03719287380000001
1963540,2017-10-26 19:32:00,0.2096508,Alistair,10.75474,8.5,Fermentor 332017102579565,0 days 14:25:00.000000000,0 days 03:45:00.000000000,0.07438582199999999
1964380,2017-10-27 09:32:00,0.5815798,Alistair,10.75474,4.5,Fermentor 332017102579565,1 days 04:25:00.000000000,0 days 14:00:00.000000000,0.37192899999999995
1964905,2017-10-27 18:17:00,0.693158567,Alistair,10.75474,3.3,Fermentor 332017102579565,1 days 13:10:00.000000000,0 days 08:45:00.000000000,0.11157876700000002
1986400,2017-11-11 16:32:00,0.0,Kerberos,14.6819,0,Fermentor 332017111130663,0 days 00:00:00.000000000,0 days 00:00:00.000000000,0.0
1986670,2017-11-11 21:02:00,0.0328227431,Kerberos,14.6819,14.2,Fermentor 332017111130663,0 days 04:30:00.000000000,0 days 04:30:00.000000000,0.0328227431
1987000,2017-11-12 02:32:00,0.134989351,Kerberos,14.6819,12.7,Fermentor 332017111130663,0 days 10:00:00.000000000,0 days 05:30:00.000000000,0.10216660790000001
1999151,2017-10-31 13:02:00,0.0,Grey Horse,16.94484,0,Fermentor 342017103121668,0 days 00:00:00.000000000,0 days 00:00:00.000000000,0.0
1999561,2017-10-31 19:52:00,0.114774734,Grey Horse,16.94484,15,Fermentor 342017103121668,0 days 06:50:00.000000000,0 days 06:50:00.000000000,0.114774734
2000321,2017-11-01 08:32:00,0.3331303,Grey Horse,16.94484,11.3,Fermentor 342017103121668,0 days 19:30:00.000000000,0 days 12:40:00.000000000,0.218355566
2000941,2017-11-01 18:52:00,0.5219783,Grey Horse,16.94484,8.1,Fermentor 342017103121668,1 days 05:50:00.000000000,0 days 10:20:00.000000000,0.18884800000000002
2017257,2017-10-24 02:47:00,0.0,Grey Horse,17.03,0,Fermentor 35201710528265,0 days 00:00:00.000000000,0 days 00:00:00.000000000,0.0
2017682,2017-10-24 09:52:00,0.118163228,Grey Horse,17.00995,15,Fermentor 35201710528265,0 days 07:05:00.000000000,0 days 07:05:00.000000000,0.118163228
2018282,2017-10-24 19:52:00,0.271014959,Grey Horse,17.00995,12.4,Fermentor 35201710528265,0 days 17:05:00.000000000,0 days 10:00:00.000000000,0.152851731
2019137,2017-10-25 10:07:00,0.529687047,Grey Horse,17.00995,8,Fermentor 35201710528265,1 days 07:20:00.000000000,0 days 14:15:00.000000000,0.258672088
2050848,2017-10-27 10:37:00,0.0,Red Wonder,15.39784,0,Fermentor 362017101114765,0 days 00:00:00.000000000,0 days 00:00:00.000000000,0.0
2051313,2017-10-27 18:22:00,0.1427369,Red Wonder,15.39784,13.2,Fermentor 362017101114765,0 days 07:45:00.000000000,0 days 07:45:00.000000000,0.1427369
2052063,2017-10-28 06:52:00,0.3440638,Red Wonder,15.39784,10.1,Fermentor 362017101114765,0 days 20:15:00.000000000,0 days 12:30:00.000000000,0.20132689999999998
2052758,2017-10-28 18:27:00,0.5453908,Red Wonder,15.39784,7,Fermentor 362017101114765,1 days 07:50:00.000000000,0 days 11:35:00.000000000,0.20132699999999998
2053538,2017-10-29 07:27:00,0.467457771,Red Wonder,15.39784,8.2,Fermentor 362017101114765,1 days 20:50:00.000000000,0 days 13:00:00.000000000,-0.07793302899999993
2054258,2017-10-29 19:27:00,0.7856842,Red Wonder,15.39784,3.3,Fermentor 362017101114765,2 days 08:50:00.000000000,0 days 12:00:00.000000000,0.31822642900000003
2071193,2017-11-10 13:42:00,0.0,Realtime Hops,13.50412,0,Fermentor 362017101114765,0 days 00:00:00.000000000,0 days 00:00:00.000000000,0.0
2071608,2017-11-10 20:37:00,0.08176173,Realtime Hops,13.50412,12.4,Fermentor 362017101114765,0 days 06:55:00.000000000,0 days 06:55:00.000000000,0.08176173
2072093,2017-11-11 04:42:00,0.14840804,Realtime Hops,13.50412,11.5,Fermentor 362017101114765,0 days 15:00:00.000000000,0 days 08:05:00.000000000,0.06664630999999999
2072338,2017-11-11 08:47:00,0.215054333,Realtime Hops,13.50412,10.6,Fermentor 362017101114765,0 days 19:05:00.000000000,0 days 04:05:00.000000000,0.066646293
2073078,2017-11-11 21:07:00,0.444613934,Realtime Hops,13.50412,7.5,Fermentor 362017101114765,1 days 07:25:00.000000000,0 days 12:20:00.000000000,0.229559601
2080198,2017-11-16 19:46:00,0.0,Realtime Hops,13.5155277,0,Fermentor 312017111642360,0 days 00:00:00.000000000,0 days 00:00:00.000000000,0.0
2131274,2017-11-12 07:00:00,0.134989351,Kerberos,14.6819,12.7,Fermentor 332017111130663,-5 days +11:14:00.000000000,-5 days +11:14:00.000000000,0.134989351
2131416,2017-11-12 09:22:00,0.2099115,Kerberos,14.6819,11.6,Fermentor 332017111130663,-5 days +13:36:00.000000000,0 days 02:22:00.000000000,0.074922149
2132146,2017-11-12 21:32:00,0.4142447,Kerberos,14.6819,8.6,Fermentor 332017111130663,-4 days +01:46:00.000000000,0 days 12:10:00.000000000,0.20433320000000002
2132866,2017-11-13 09:32:00,0.59814465,Kerberos,14.6819,5.9,Fermentor 332017111130663,-4 days +13:46:00.000000000,0 days 12:00:00.000000000,0.18389995000000003
2133666,2017-11-13 22:52:00,0.65944463,Kerberos,14.6819,5,Fermentor 332017111130663,-3 days +03:06:00.000000000,0 days 13:20:00.000000000,0.06129997999999992
2143016,2017-11-20 10:42:00,0.0328228064,Kerberos,14.681901,14.2,Fermentor 332017111822261,3 days 14:56:00.000000000,6 days 11:50:00.000000000,-0.6266218236
2143346,2017-11-20 16:12:00,0.134989411,Kerberos,14.681901,12.7,Fermentor 332017111822261,3 days 20:26:00.000000000,0 days 05:30:00.000000000,0.1021666046
2143756,2017-11-20 23:02:00,0.209911555,Kerberos,14.681901,11.6,Fermentor 332017111822261,4 days 03:16:00.000000000,0 days 06:50:00.000000000,0.074922144
2144486,2017-11-21 11:12:00,0.414244771,Kerberos,14.681901,8.6,Fermentor 332017111822261,4 days 15:26:00.000000000,0 days 12:10:00.000000000,0.204333216
2155426,2017-11-29 01:32:00,0.65944463,Kerberos,14.681901,5,Fermentor 332017111822261,12 days 05:46:00.000000000,7 days 14:20:00.000000000,0.24519985899999996
2185552,2017-11-29 23:37:00,0.0,Realtime Hops,0,0,Fermentor 342017103121668,0 days 00:00:00.000000000,0 days 00:00:00.000000000,0.0
2185812,2017-11-30 03:57:00,0.0599420145,Realtime Hops,13.5098047,12.7,Fermentor 342017103121668,0 days 04:20:00.000000000,0 days 04:20:00.000000000,0.0599420145
2186517,2017-11-30 15:42:00,0.244992808,Realtime Hops,13.5098047,10.2,Fermentor 342017103121668,0 days 16:05:00.000000000,0 days 11:45:00.000000000,0.1850507935
2186887,2017-11-30 21:52:00,0.363425255,Realtime Hops,13.5098047,8.6,Fermentor 342017103121668,0 days 22:15:00.000000000,0 days 06:10:00.000000000,0.118432447
2213028,2017-11-29 01:32:00,0.0,Red Wonder,15.3979473,0,Fermentor 352017112863062,0 days 00:00:00.000000000,0 days 00:00:00.000000000,0.0
2214408,2017-11-30 00:32:00,0.4090121,Red Wonder,15.3979473,9.1,Fermentor 352017112863062,0 days 23:00:00.000000000,0 days 23:00:00.000000000,0.4090121
2215318,2017-11-30 15:42:00,0.668787,Red Wonder,15.3979473,5.1,Fermentor 352017112863062,1 days 14:10:00.000000000,0 days 15:10:00.000000000,0.25977490000000003
2215688,2017-11-30 21:52:00,0.7467195,Red Wonder,15.3979473,3.9,Fermentor 352017112863062,1 days 20:20:00.000000000,0 days 06:10:00.000000000,0.07793249999999996
2217677,2017-11-12 07:00:00,0.444613934,Realtime Hops,13.50412,7.5,Fermentor 362017101114765,-17 days +05:28:00.000000000,-19 days +09:08:00.000000000,-0.302105566
2217814,2017-11-12 09:17:00,0.6593632,Realtime Hops,13.50412,4.6,Fermentor 362017101114765,-17 days +07:45:00.000000000,0 days 02:17:00.000000000,0.21474926600000005
2225139,2017-11-17 11:22:00,0.7408199,Realtime Hops,13.5041208,3.5,Fermentor 362017111712061,-12 days +09:50:00.000000000,5 days 02:05:00.000000000,0.08145669999999994
2225554,2017-11-17 18:17:00,0.0817618,Realtime Hops,13.5041208,12.4,Fermentor 362017111712061,-12 days +16:45:00.000000000,0 days 06:55:00.000000000,-0.6590581
2226039,2017-11-18 02:22:00,0.1484081,Realtime Hops,13.5041208,11.5,Fermentor 362017111712061,-11 days +00:50:00.000000000,0 days 08:05:00.000000000,0.06664629999999999
2226284,2017-11-18 06:27:00,0.2150544,Realtime Hops,13.5041208,10.6,Fermentor 362017111712061,-11 days +04:55:00.000000000,0 days 04:05:00.000000000,0.06664630000000002
2227954,2017-11-19 10:17:00,0.0817618,Realtime Hops,13.5041208,12.4,Fermentor 362017111712061,-10 days +08:45:00.000000000,1 days 03:50:00.000000000,-0.1332926
2228434,2017-11-19 18:17:00,0.1484081,Realtime Hops,13.5041208,11.5,Fermentor 362017111712061,-10 days +16:45:00.000000000,0 days 08:00:00.000000000,0.06664629999999999
2228679,2017-11-19 22:22:00,0.2150544,Realtime Hops,13.5041208,10.6,Fermentor 362017111712061,-10 days +20:50:00.000000000,0 days 04:05:00.000000000,0.06664630000000002
2229419,2017-11-20 10:42:00,0.444613963,Realtime Hops,13.5041208,7.5,Fermentor 362017111712061,-9 days +09:10:00.000000000,0 days 12:20:00.000000000,0.229559563
2230154,2017-11-20 22:57:00,0.65936327,Realtime Hops,13.5041208,4.6,Fermentor 362017111712061,-9 days +21:25:00.000000000,0 days 12:15:00.000000000,0.21474930699999994
2245444,2017-12-01 13:47:00,0.0,Realtime Hops,13.5041208,0,Fermentor 36201712120761,0 days 00:00:00.000000000,0 days 00:00:00.000000000,0.0
2245864,2017-12-01 20:47:00,0.0817618,Realtime Hops,13.5041208,12.4,Fermentor 36201712120761,0 days 07:00:00.000000000,0 days 07:00:00.000000000,0.0817618
2246344,2017-12-02 04:47:00,0.1484081,Realtime Hops,13.5041208,11.5,Fermentor 36201712120761,0 days 15:00:00.000000000,0 days 08:00:00.000000000,0.06664629999999999
